YEAR,MONTH,DAY,stid,TAVG
2024,5,1,ACME,70.81
2024,5,1,ADAX,69.75
2024,5,1,ALTU,71.06
2024,5,1,ALVA,-999
2024,5,1,ALV2,70.7
2024,5,1,ANTL,-999
2024,5,1,ANT2,69.69
2024,5,1,APAC,68.93
2024,5,1,ARDM,-999
2024,5,1,ARD2,70.25
2024,5,1,ARNE,69.31
2024,5,1,BEAV,72.7
2024,5,1,BEEX,-999
2024,5,1,BESS,70.24
2024,5,1,BIXB,68.68
2024,5,1,BLAC,71.12
2024,5,1,BOIS,65.43
2024,5,1,BOWL,-999
2024,5,1,BREC,71.47
2024,5,1,BRIS,70.33
2024,5,1,BBOW,-999
2024,5,1,BROK,70.66
2024,5,1,BUFF,72.64
2024,5,1,BURB,71.07
2024,5,1,BURN,70.78
2024,5,1,BUTL,70.92
2024,5,1,BYAR,69.68
2024,5,1,CALV,-999
2024,5,1,CAMA,69.62
2024,5,1,CATO,-999
2024,5,1,CENT,69.82
2024,5,1,CHAN,70.57
2024,5,1,CHER,71.25
2024,5,1,CHEY,68.88
2024,5,1,CHIC,71.27
2024,5,1,CLAR,-999
2024,5,1,CLRM,-999
2024,5,1,CLAY,68.82
2024,5,1,CLOU,69.53
2024,5,1,COOK,67.85
2024,5,1,COPA,69.72
2024,5,1,DURA,70.25
2024,5,1,ELRE,71.01
2024,5,1,ELKC,68.16
2024,5,1,ERIC,69.17
2024,5,1,EUFA,68.24
2024,5,1,EVAX,68.01
2024,5,1,FAI2,71.5
2024,5,1,FAIR,-999
2024,5,1,FITT,69.35
2024,5,1,FORA,70.24
2024,5,1,FREE,71.32
2024,5,1,FTCB,70.88
2024,5,1,GOOD,67.8
2024,5,1,GRAN,-999
2024,5,1,GRA2,70.2
2024,5,1,GUTH,71.73
2024,5,1,HASK,68.24
2024,5,1,HECT,68.23
2024,5,1,HINT,70.84
2024,5,1,HOBA,69.85
2024,5,1,HOLD,69.16
2024,5,1,HOLL,70.06
2024,5,1,HOOK,71.1
2024,5,1,HUGO,70.46
2024,5,1,IDAB,72.05
2024,5,1,INOL,68.31
2024,5,1,JAYX,68.57
2024,5,1,KENT,65
2024,5,1,KETC,70.65
2024,5,1,KING,-999
2024,5,1,KIN2,72.53
2024,5,1,LAHO,70.68
2024,5,1,CARL,72.06
2024,5,1,LANE,69.68
2024,5,1,MADI,70.42
2024,5,1,MANG,69.59
2024,5,1,MARE,70.69
2024,5,1,MARS,-999
2024,5,1,MRSH,72.09
2024,5,1,MAYR,70.03
2024,5,1,MCAL,68.32
2024,5,1,MEDF,69.47
2024,5,1,MEDI,67.82
2024,5,1,MIAM,70.1
2024,5,1,MINC,70.02
2024,5,1,MTHE,69.1
2024,5,1,NEWK,70.22
2024,5,1,NEWP,70.73
2024,5,1,NINN,-999
2024,5,1,NORM,-999
2024,5,1,NRMN,71.27
2024,5,1,NOWA,69.55
2024,5,1,OILT,70.67
2024,5,1,OKCE,71.73
2024,5,1,OKCN,-999
2024,5,1,OKCW,-999
2024,5,1,OKEM,69.09
2024,5,1,OKMU,68.94
2024,5,1,PAUL,71.02
2024,5,1,PAWN,71.49
2024,5,1,PERK,71.63
2024,5,1,PORT,68.49
2024,5,1,PRES,-999
2024,5,1,PRYO,68.89
2024,5,1,PUTN,70.71
2024,5,1,REDR,72.04
2024,5,1,RETR,-999
2024,5,1,RING,70.94
2024,5,1,SALL,68.77
2024,5,1,SEIL,71.47
2024,5,1,SEMI,69.75
2024,5,1,SHAW,70.13
2024,5,1,SKIA,69.09
2024,5,1,SLAP,71.25
2024,5,1,SPEN,71.38
2024,5,1,STIG,67.69
2024,5,1,STIL,72.54
2024,5,1,STUA,69.03
2024,5,1,SULP,70.46
2024,5,1,TAHL,68.43
2024,5,1,TALA,69.35
2024,5,1,TALI,69.92
2024,5,1,TIPT,70.02
2024,5,1,TISH,69.56
2024,5,1,TULL,-999
2024,5,1,TULN,70.05
2024,5,1,VALL,71.65
2024,5,1,VINI,69.29
2024,5,1,WALT,-999
2024,5,1,WAL2,69.88
2024,5,1,WASH,70.75
2024,5,1,WATO,70.99
2024,5,1,WAUR,70.73
2024,5,1,WEAT,70.64
2024,5,1,WEBB,-999
2024,5,1,WEBR,-999
2024,5,1,WEB3,67.7
2024,5,1,WEST,67.95
2024,5,1,WILB,68.32
2024,5,1,WIST,66.88
2024,5,1,WOOD,70.42
2024,5,1,WYNO,70.06
2024,5,1,YUKO,71.39
2024,5,2,ACME,68.13
2024,5,2,ADAX,71
2024,5,2,ALTU,67.76
2024,5,2,ALVA,-999
2024,5,2,ALV2,68.31
2024,5,2,ANTL,-999
2024,5,2,ANT2,72.99
2024,5,2,APAC,67.72
2024,5,2,ARDM,-999
2024,5,2,ARD2,70.74
2024,5,2,ARNE,66.17
2024,5,2,BEAV,63.08
2024,5,2,BEEX,-999
2024,5,2,BESS,68.14
2024,5,2,BIXB,70.87
2024,5,2,BLAC,70.16
2024,5,2,BOIS,59.8
2024,5,2,BOWL,-999
2024,5,2,BREC,69.33
2024,5,2,BRIS,70.14
2024,5,2,BBOW,-999
2024,5,2,BROK,71.3
2024,5,2,BUFF,66.34
2024,5,2,BURB,70.09
2024,5,2,BURN,71.24
2024,5,2,BUTL,67.96
2024,5,2,BYAR,69.35
2024,5,2,CALV,-999
2024,5,2,CAMA,65.77
2024,5,2,CATO,-999
2024,5,2,CENT,72.12
2024,5,2,CHAN,69.53
2024,5,2,CHER,69.42
2024,5,2,CHEY,64.86
2024,5,2,CHIC,68.74
2024,5,2,CLAR,-999
2024,5,2,CLRM,-999
2024,5,2,CLAY,74.05
2024,5,2,CLOU,71.83
2024,5,2,COOK,71.39
2024,5,2,COPA,69.44
2024,5,2,DURA,71.84
2024,5,2,ELRE,68.02
2024,5,2,ELKC,65.49
2024,5,2,ERIC,65.05
2024,5,2,EUFA,72.29
2024,5,2,EVAX,60.39
2024,5,2,FAI2,70.33
2024,5,2,FAIR,-999
2024,5,2,FITT,69.77
2024,5,2,FORA,68.64
2024,5,2,FREE,67.43
2024,5,2,FTCB,68.73
2024,5,2,GOOD,62.23
2024,5,2,GRAN,-999
2024,5,2,GRA2,69.73
2024,5,2,GUTH,70.11
2024,5,2,HASK,70.88
2024,5,2,HECT,70.33
2024,5,2,HINT,67.42
2024,5,2,HOBA,66.98
2024,5,2,HOLD,70.74
2024,5,2,HOLL,66.52
2024,5,2,HOOK,63.25
2024,5,2,HUGO,73.42
2024,5,2,IDAB,72.5
2024,5,2,INOL,71.27
2024,5,2,JAYX,70.73
2024,5,2,KENT,59.11
2024,5,2,KETC,68.62
2024,5,2,KING,-999
2024,5,2,KIN2,69.72
2024,5,2,LAHO,69.32
2024,5,2,CARL,70.56
2024,5,2,LANE,72.3
2024,5,2,MADI,71.57
2024,5,2,MANG,66.51
2024,5,2,MARE,70.04
2024,5,2,MARS,-999
2024,5,2,MRSH,70.08
2024,5,2,MAYR,65.56
2024,5,2,MCAL,72.73
2024,5,2,MEDF,69.5
2024,5,2,MEDI,67.36
2024,5,2,MIAM,69.52
2024,5,2,MINC,67.71
2024,5,2,MTHE,70.63
2024,5,2,NEWK,68.8
2024,5,2,NEWP,70.47
2024,5,2,NINN,-999
2024,5,2,NORM,-999
2024,5,2,NRMN,68.61
2024,5,2,NOWA,70.36
2024,5,2,OILT,70.14
2024,5,2,OKCE,68.64
2024,5,2,OKCN,-999
2024,5,2,OKCW,-999
2024,5,2,OKEM,70.75
2024,5,2,OKMU,71.48
2024,5,2,PAUL,70.27
2024,5,2,PAWN,70.8
2024,5,2,PERK,70.53
2024,5,2,PORT,71.17
2024,5,2,PRES,-999
2024,5,2,PRYO,72.08
2024,5,2,PUTN,67.38
2024,5,2,REDR,70.64
2024,5,2,RETR,-999
2024,5,2,RING,69.64
2024,5,2,SALL,72.8
2024,5,2,SEIL,67.84
2024,5,2,SEMI,70.03
2024,5,2,SHAW,69.16
2024,5,2,SKIA,69.45
2024,5,2,SLAP,64.33
2024,5,2,SPEN,68.27
2024,5,2,STIG,72.03
2024,5,2,STIL,71.4
2024,5,2,STUA,72.01
2024,5,2,SULP,70.17
2024,5,2,TAHL,71.37
2024,5,2,TALA,70.18
2024,5,2,TALI,73.39
2024,5,2,TIPT,68.27
2024,5,2,TISH,71.03
2024,5,2,TULL,-999
2024,5,2,TULN,71.17
2024,5,2,VALL,72.64
2024,5,2,VINI,69.61
2024,5,2,WALT,-999
2024,5,2,WAL2,69
2024,5,2,WASH,68.67
2024,5,2,WATO,67.62
2024,5,2,WAUR,69.88
2024,5,2,WEAT,67.73
2024,5,2,WEBB,-999
2024,5,2,WEBR,-999
2024,5,2,WEB3,71.8
2024,5,2,WEST,70.13
2024,5,2,WILB,73.37
2024,5,2,WIST,70.92
2024,5,2,WOOD,66.49
2024,5,2,WYNO,69.62
2024,5,2,YUKO,68.02
2024,5,3,ACME,71.01
2024,5,3,ADAX,70.93
2024,5,3,ALTU,69.91
2024,5,3,ALVA,-999
2024,5,3,ALV2,63.4
2024,5,3,ANTL,-999
2024,5,3,ANT2,72.93
2024,5,3,APAC,68.46
2024,5,3,ARDM,-999
2024,5,3,ARD2,73.22
2024,5,3,ARNE,65.12
2024,5,3,BEAV,64.58
2024,5,3,BEEX,-999
2024,5,3,BESS,68.16
2024,5,3,BIXB,69.55
2024,5,3,BLAC,65.71
2024,5,3,BOIS,59.99
2024,5,3,BOWL,-999
2024,5,3,BREC,64.65
2024,5,3,BRIS,69.33
2024,5,3,BBOW,-999
2024,5,3,BROK,71.98
2024,5,3,BUFF,64.87
2024,5,3,BURB,66.04
2024,5,3,BURN,73.84
2024,5,3,BUTL,68.75
2024,5,3,BYAR,70.66
2024,5,3,CALV,-999
2024,5,3,CAMA,65.42
2024,5,3,CATO,-999
2024,5,3,CENT,72.53
2024,5,3,CHAN,69.33
2024,5,3,CHER,63.82
2024,5,3,CHEY,65.89
2024,5,3,CHIC,71.34
2024,5,3,CLAR,-999
2024,5,3,CLRM,-999
2024,5,3,CLAY,71.37
2024,5,3,CLOU,71.44
2024,5,3,COOK,69.31
2024,5,3,COPA,67.4
2024,5,3,DURA,74.25
2024,5,3,ELRE,66.48
2024,5,3,ELKC,67.49
2024,5,3,ERIC,67.51
2024,5,3,EUFA,71.16
2024,5,3,EVAX,61.41
2024,5,3,FAI2,64.95
2024,5,3,FAIR,-999
2024,5,3,FITT,71.18
2024,5,3,FORA,65.94
2024,5,3,FREE,64.49
2024,5,3,FTCB,67.92
2024,5,3,GOOD,62.36
2024,5,3,GRAN,-999
2024,5,3,GRA2,72.59
2024,5,3,GUTH,66.9
2024,5,3,HASK,69.93
2024,5,3,HECT,68.97
2024,5,3,HINT,65.91
2024,5,3,HOBA,67.62
2024,5,3,HOLD,70.67
2024,5,3,HOLL,67.36
2024,5,3,HOOK,62.75
2024,5,3,HUGO,74.09
2024,5,3,IDAB,73.42
2024,5,3,INOL,69.93
2024,5,3,JAYX,69.3
2024,5,3,KENT,59.66
2024,5,3,KETC,72.75
2024,5,3,KING,-999
2024,5,3,KIN2,67.27
2024,5,3,LAHO,64.44
2024,5,3,CARL,66.2
2024,5,3,LANE,73.53
2024,5,3,MADI,74.15
2024,5,3,MANG,68.39
2024,5,3,MARE,65.96
2024,5,3,MARS,-999
2024,5,3,MRSH,66.43
2024,5,3,MAYR,62.88
2024,5,3,MCAL,71.16
2024,5,3,MEDF,64.82
2024,5,3,MEDI,67.84
2024,5,3,MIAM,67.93
2024,5,3,MINC,68.37
2024,5,3,MTHE,70.3
2024,5,3,NEWK,64.81
2024,5,3,NEWP,73.34
2024,5,3,NINN,-999
2024,5,3,NORM,-999
2024,5,3,NRMN,71.08
2024,5,3,NOWA,68.11
2024,5,3,OILT,68.07
2024,5,3,OKCE,69.62
2024,5,3,OKCN,-999
2024,5,3,OKCW,-999
2024,5,3,OKEM,70.47
2024,5,3,OKMU,70.07
2024,5,3,PAUL,72.76
2024,5,3,PAWN,67.02
2024,5,3,PERK,67.16
2024,5,3,PORT,69.92
2024,5,3,PRES,-999
2024,5,3,PRYO,69.83
2024,5,3,PUTN,66.2
2024,5,3,REDR,65.92
2024,5,3,RETR,-999
2024,5,3,RING,73.04
2024,5,3,SALL,70.99
2024,5,3,SEIL,64.69
2024,5,3,SEMI,70.65
2024,5,3,SHAW,70.82
2024,5,3,SKIA,67.88
2024,5,3,SLAP,65.06
2024,5,3,SPEN,68.75
2024,5,3,STIG,70.62
2024,5,3,STIL,67.62
2024,5,3,STUA,70.95
2024,5,3,SULP,72.54
2024,5,3,TAHL,69.93
2024,5,3,TALA,68.43
2024,5,3,TALI,70.75
2024,5,3,TIPT,70.76
2024,5,3,TISH,72.96
2024,5,3,TULL,-999
2024,5,3,TULN,69.47
2024,5,3,VALL,73.13
2024,5,3,VINI,68.17
2024,5,3,WALT,-999
2024,5,3,WAL2,71.35
2024,5,3,WASH,71.84
2024,5,3,WATO,65.49
2024,5,3,WAUR,73.32
2024,5,3,WEAT,67.4
2024,5,3,WEBB,-999
2024,5,3,WEBR,-999
2024,5,3,WEB3,70.34
2024,5,3,WEST,69.61
2024,5,3,WILB,71.24
2024,5,3,WIST,70.34
2024,5,3,WOOD,64.39
2024,5,3,WYNO,66.79
2024,5,3,YUKO,67.32
2024,5,4,ACME,64.62
2024,5,4,ADAX,69.1
2024,5,4,ALTU,63.81
2024,5,4,ALVA,-999
2024,5,4,ALV2,59.3
2024,5,4,ANTL,-999
2024,5,4,ANT2,70.18
2024,5,4,APAC,63.33
2024,5,4,ARDM,-999
2024,5,4,ARD2,70.66
2024,5,4,ARNE,57.2
2024,5,4,BEAV,54.83
2024,5,4,BEEX,-999
2024,5,4,BESS,61.05
2024,5,4,BIXB,70.93
2024,5,4,BLAC,62.66
2024,5,4,BOIS,51.26
2024,5,4,BOWL,-999
2024,5,4,BREC,62.36
2024,5,4,BRIS,69.42
2024,5,4,BBOW,-999
2024,5,4,BROK,72.35
2024,5,4,BUFF,57.23
2024,5,4,BURB,64.67
2024,5,4,BURN,71.58
2024,5,4,BUTL,60.86
2024,5,4,BYAR,67.87
2024,5,4,CALV,-999
2024,5,4,CAMA,58.9
2024,5,4,CATO,-999
2024,5,4,CENT,70.44
2024,5,4,CHAN,67.79
2024,5,4,CHER,60.7
2024,5,4,CHEY,58.45
2024,5,4,CHIC,65.39
2024,5,4,CLAR,-999
2024,5,4,CLRM,-999
2024,5,4,CLAY,70.05
2024,5,4,CLOU,69.82
2024,5,4,COOK,70.73
2024,5,4,COPA,65.72
2024,5,4,DURA,72.62
2024,5,4,ELRE,61.45
2024,5,4,ELKC,60.35
2024,5,4,ERIC,59.96
2024,5,4,EUFA,70.64
2024,5,4,EVAX,51.75
2024,5,4,FAI2,60.9
2024,5,4,FAIR,-999
2024,5,4,FITT,68.63
2024,5,4,FORA,63.93
2024,5,4,FREE,58.73
2024,5,4,FTCB,62.71
2024,5,4,GOOD,52.18
2024,5,4,GRAN,-999
2024,5,4,GRA2,65.83
2024,5,4,GUTH,64.07
2024,5,4,HASK,70.75
2024,5,4,HECT,69.95
2024,5,4,HINT,60.81
2024,5,4,HOBA,61.73
2024,5,4,HOLD,69.74
2024,5,4,HOLL,61.83
2024,5,4,HOOK,52.92
2024,5,4,HUGO,71.57
2024,5,4,IDAB,73.6
2024,5,4,INOL,69.83
2024,5,4,JAYX,69.02
2024,5,4,KENT,51.46
2024,5,4,KETC,67.12
2024,5,4,KING,-999
2024,5,4,KIN2,62.98
2024,5,4,LAHO,60.77
2024,5,4,CARL,64.86
2024,5,4,LANE,71.43
2024,5,4,MADI,71.96
2024,5,4,MANG,62.62
2024,5,4,MARE,65
2024,5,4,MARS,-999
2024,5,4,MRSH,63.79
2024,5,4,MAYR,57.43
2024,5,4,MCAL,69.89
2024,5,4,MEDF,61.72
2024,5,4,MEDI,63.33
2024,5,4,MIAM,68.62
2024,5,4,MINC,63.46
2024,5,4,MTHE,68.61
2024,5,4,NEWK,61.98
2024,5,4,NEWP,70.73
2024,5,4,NINN,-999
2024,5,4,NORM,-999
2024,5,4,NRMN,66.2
2024,5,4,NOWA,67.73
2024,5,4,OILT,67.85
2024,5,4,OKCE,65.63
2024,5,4,OKCN,-999
2024,5,4,OKCW,-999
2024,5,4,OKEM,69.69
2024,5,4,OKMU,70.71
2024,5,4,PAUL,68.1
2024,5,4,PAWN,65.75
2024,5,4,PERK,66.11
2024,5,4,PORT,70.46
2024,5,4,PRES,-999
2024,5,4,PRYO,70.61
2024,5,4,PUTN,59.44
2024,5,4,REDR,64.81
2024,5,4,RETR,-999
2024,5,4,RING,69
2024,5,4,SALL,71.92
2024,5,4,SEIL,59.32
2024,5,4,SEMI,68.5
2024,5,4,SHAW,67.45
2024,5,4,SKIA,67.74
2024,5,4,SLAP,54.84
2024,5,4,SPEN,65.19
2024,5,4,STIG,71.31
2024,5,4,STIL,66.3
2024,5,4,STUA,69.67
2024,5,4,SULP,69.8
2024,5,4,TAHL,70.36
2024,5,4,TALA,68.13
2024,5,4,TALI,70.49
2024,5,4,TIPT,64.22
2024,5,4,TISH,70.49
2024,5,4,TULL,-999
2024,5,4,TULN,69.92
2024,5,4,VALL,71.61
2024,5,4,VINI,68
2024,5,4,WALT,-999
2024,5,4,WAL2,65.91
2024,5,4,WASH,66.5
2024,5,4,WATO,59.89
2024,5,4,WAUR,68.34
2024,5,4,WEAT,60.57
2024,5,4,WEBB,-999
2024,5,4,WEBR,-999
2024,5,4,WEB3,71.32
2024,5,4,WEST,69.01
2024,5,4,WILB,71.05
2024,5,4,WIST,70.61
2024,5,4,WOOD,57.35
2024,5,4,WYNO,66.37
2024,5,4,YUKO,63.11
2024,5,5,ACME,64.64
2024,5,5,ADAX,63.5
2024,5,5,ALTU,65.59
2024,5,5,ALVA,-999
2024,5,5,ALV2,60.03
2024,5,5,ANTL,-999
2024,5,5,ANT2,66.2
2024,5,5,APAC,64.58
2024,5,5,ARDM,-999
2024,5,5,ARD2,66.95
2024,5,5,ARNE,61.05
2024,5,5,BEAV,61.66
2024,5,5,BEEX,-999
2024,5,5,BESS,63.64
2024,5,5,BIXB,61.75
2024,5,5,BLAC,59.5
2024,5,5,BOIS,61.36
2024,5,5,BOWL,-999
2024,5,5,BREC,60.87
2024,5,5,BRIS,61.31
2024,5,5,BBOW,-999
2024,5,5,BROK,67
2024,5,5,BUFF,60.66
2024,5,5,BURB,59.1
2024,5,5,BURN,69.3
2024,5,5,BUTL,63.45
2024,5,5,BYAR,62.91
2024,5,5,CALV,-999
2024,5,5,CAMA,61.36
2024,5,5,CATO,-999
2024,5,5,CENT,64.98
2024,5,5,CHAN,61.13
2024,5,5,CHER,59.82
2024,5,5,CHEY,60.9
2024,5,5,CHIC,65.1
2024,5,5,CLAR,-999
2024,5,5,CLRM,-999
2024,5,5,CLAY,64.28
2024,5,5,CLOU,65.19
2024,5,5,COOK,64.25
2024,5,5,COPA,58.24
2024,5,5,DURA,68.41
2024,5,5,ELRE,62.83
2024,5,5,ELKC,62.88
2024,5,5,ERIC,62.63
2024,5,5,EUFA,63.36
2024,5,5,EVAX,60.81
2024,5,5,FAI2,61.04
2024,5,5,FAIR,-999
2024,5,5,FITT,63.92
2024,5,5,FORA,57.33
2024,5,5,FREE,59.94
2024,5,5,FTCB,64.93
2024,5,5,GOOD,62.5
2024,5,5,GRAN,-999
2024,5,5,GRA2,66.46
2024,5,5,GUTH,62.04
2024,5,5,HASK,62.61
2024,5,5,HECT,60.78
2024,5,5,HINT,63.52
2024,5,5,HOBA,64.3
2024,5,5,HOLD,62.47
2024,5,5,HOLL,64.08
2024,5,5,HOOK,61.78
2024,5,5,HUGO,67.54
2024,5,5,IDAB,69.21
2024,5,5,INOL,61.63
2024,5,5,JAYX,61.61
2024,5,5,KENT,61.7
2024,5,5,KETC,65.3
2024,5,5,KING,-999
2024,5,5,KIN2,63.27
2024,5,5,LAHO,60.94
2024,5,5,CARL,61.06
2024,5,5,LANE,66.55
2024,5,5,MADI,67.88
2024,5,5,MANG,64.79
2024,5,5,MARE,60.68
2024,5,5,MARS,-999
2024,5,5,MRSH,62.32
2024,5,5,MAYR,58.61
2024,5,5,MCAL,63.75
2024,5,5,MEDF,60.12
2024,5,5,MEDI,64.66
2024,5,5,MIAM,58.93
2024,5,5,MINC,63.3
2024,5,5,MTHE,64.25
2024,5,5,NEWK,57.64
2024,5,5,NEWP,66.93
2024,5,5,NINN,-999
2024,5,5,NORM,-999
2024,5,5,NRMN,62.74
2024,5,5,NOWA,59.41
2024,5,5,OILT,60.55
2024,5,5,OKCE,62.53
2024,5,5,OKCN,-999
2024,5,5,OKCW,-999
2024,5,5,OKEM,62.01
2024,5,5,OKMU,62.31
2024,5,5,PAUL,64.34
2024,5,5,PAWN,60.07
2024,5,5,PERK,61.36
2024,5,5,PORT,62.54
2024,5,5,PRES,-999
2024,5,5,PRYO,61.3
2024,5,5,PUTN,61.29
2024,5,5,REDR,60.42
2024,5,5,RETR,-999
2024,5,5,RING,67.64
2024,5,5,SALL,66.6
2024,5,5,SEIL,60.38
2024,5,5,SEMI,62.18
2024,5,5,SHAW,61.69
2024,5,5,SKIA,58.7
2024,5,5,SLAP,61
2024,5,5,SPEN,61.71
2024,5,5,STIG,64.78
2024,5,5,STIL,61.73
2024,5,5,STUA,63.22
2024,5,5,SULP,65.01
2024,5,5,TAHL,63.46
2024,5,5,TALA,59.75
2024,5,5,TALI,64.84
2024,5,5,TIPT,66
2024,5,5,TISH,65.85
2024,5,5,TULL,-999
2024,5,5,TULN,60.6
2024,5,5,VALL,67.63
2024,5,5,VINI,58.81
2024,5,5,WALT,-999
2024,5,5,WAL2,66.27
2024,5,5,WASH,62.88
2024,5,5,WATO,61.49
2024,5,5,WAUR,67.56
2024,5,5,WEAT,63.28
2024,5,5,WEBB,-999
2024,5,5,WEBR,-999
2024,5,5,WEB3,65.38
2024,5,5,WEST,63.01
2024,5,5,WILB,64.94
2024,5,5,WIST,65.74
2024,5,5,WOOD,60.44
2024,5,5,WYNO,58.92
2024,5,5,YUKO,62.59
2024,5,6,ACME,73.39
2024,5,6,ADAX,70.82
2024,5,6,ALTU,75.42
2024,5,6,ALVA,-999
2024,5,6,ALV2,67.57
2024,5,6,ANTL,-999
2024,5,6,ANT2,70.86
2024,5,6,APAC,72.74
2024,5,6,ARDM,-999
2024,5,6,ARD2,73.46
2024,5,6,ARNE,73.06
2024,5,6,BEAV,71.52
2024,5,6,BEEX,-999
2024,5,6,BESS,73.14
2024,5,6,BIXB,69.2
2024,5,6,BLAC,66.12
2024,5,6,BOIS,66.86
2024,5,6,BOWL,-999
2024,5,6,BREC,66.71
2024,5,6,BRIS,69.16
2024,5,6,BBOW,-999
2024,5,6,BROK,72.45
2024,5,6,BUFF,72.4
2024,5,6,BURB,66.15
2024,5,6,BURN,74.45
2024,5,6,BUTL,72.08
2024,5,6,BYAR,71.85
2024,5,6,CALV,-999
2024,5,6,CAMA,70.61
2024,5,6,CATO,-999
2024,5,6,CENT,71.8
2024,5,6,CHAN,69.33
2024,5,6,CHER,68.22
2024,5,6,CHEY,71.6
2024,5,6,CHIC,73.23
2024,5,6,CLAR,-999
2024,5,6,CLRM,-999
2024,5,6,CLAY,71.12
2024,5,6,CLOU,70.08
2024,5,6,COOK,69.48
2024,5,6,COPA,66.58
2024,5,6,DURA,73.09
2024,5,6,ELRE,71.25
2024,5,6,ELKC,72.93
2024,5,6,ERIC,73.34
2024,5,6,EUFA,70.28
2024,5,6,EVAX,67.4
2024,5,6,FAI2,68.94
2024,5,6,FAIR,-999
2024,5,6,FITT,70.96
2024,5,6,FORA,65.68
2024,5,6,FREE,70
2024,5,6,FTCB,72.19
2024,5,6,GOOD,70.88
2024,5,6,GRAN,-999
2024,5,6,GRA2,75.79
2024,5,6,GUTH,69.42
2024,5,6,HASK,70.03
2024,5,6,HECT,68.72
2024,5,6,HINT,71.49
2024,5,6,HOBA,73.17
2024,5,6,HOLD,70.11
2024,5,6,HOLL,75.21
2024,5,6,HOOK,69.32
2024,5,6,HUGO,71.87
2024,5,6,IDAB,73.37
2024,5,6,INOL,69.17
2024,5,6,JAYX,68.28
2024,5,6,KENT,65.26
2024,5,6,KETC,73.34
2024,5,6,KING,-999
2024,5,6,KIN2,70.47
2024,5,6,LAHO,67.2
2024,5,6,CARL,67.82
2024,5,6,LANE,71.63
2024,5,6,MADI,73.91
2024,5,6,MANG,74.66
2024,5,6,MARE,67.3
2024,5,6,MARS,-999
2024,5,6,MRSH,68.31
2024,5,6,MAYR,67.52
2024,5,6,MCAL,70.88
2024,5,6,MEDF,66.15
2024,5,6,MEDI,72.09
2024,5,6,MIAM,68.24
2024,5,6,MINC,70.73
2024,5,6,MTHE,69.68
2024,5,6,NEWK,64.99
2024,5,6,NEWP,73.28
2024,5,6,NINN,-999
2024,5,6,NORM,-999
2024,5,6,NRMN,71.14
2024,5,6,NOWA,67.6
2024,5,6,OILT,67.93
2024,5,6,OKCE,71.39
2024,5,6,OKCN,-999
2024,5,6,OKCW,-999
2024,5,6,OKEM,69.68
2024,5,6,OKMU,69.81
2024,5,6,PAUL,73.03
2024,5,6,PAWN,67.18
2024,5,6,PERK,68.08
2024,5,6,PORT,70.04
2024,5,6,PRES,-999
2024,5,6,PRYO,69.38
2024,5,6,PUTN,69.16
2024,5,6,REDR,67.08
2024,5,6,RETR,-999
2024,5,6,RING,74.19
2024,5,6,SALL,71.12
2024,5,6,SEIL,70.34
2024,5,6,SEMI,70.62
2024,5,6,SHAW,70.15
2024,5,6,SKIA,66.76
2024,5,6,SLAP,72.4
2024,5,6,SPEN,70.91
2024,5,6,STIG,70.54
2024,5,6,STIL,68.14
2024,5,6,STUA,70.12
2024,5,6,SULP,72.09
2024,5,6,TAHL,69.28
2024,5,6,TALA,67.55
2024,5,6,TALI,71.32
2024,5,6,TIPT,75.1
2024,5,6,TISH,71.86
2024,5,6,TULL,-999
2024,5,6,TULN,68.4
2024,5,6,VALL,72.22
2024,5,6,VINI,67.87
2024,5,6,WALT,-999
2024,5,6,WAL2,74.22
2024,5,6,WASH,71.78
2024,5,6,WATO,70.38
2024,5,6,WAUR,74.97
2024,5,6,WEAT,71.99
2024,5,6,WEBB,-999
2024,5,6,WEBR,-999
2024,5,6,WEB3,70.7
2024,5,6,WEST,68.5
2024,5,6,WILB,71.13
2024,5,6,WIST,71.62
2024,5,6,WOOD,71.53
2024,5,6,WYNO,66.61
2024,5,6,YUKO,71.41
2024,5,7,ACME,71.62
2024,5,7,ADAX,75.18
2024,5,7,ALTU,70.02
2024,5,7,ALVA,-999
2024,5,7,ALV2,66.93
2024,5,7,ANTL,-999
2024,5,7,ANT2,77.47
2024,5,7,APAC,70.26
2024,5,7,ARDM,-999
2024,5,7,ARD2,76.02
2024,5,7,ARNE,70.55
2024,5,7,BEAV,67.1
2024,5,7,BEEX,-999
2024,5,7,BESS,69.31
2024,5,7,BIXB,70.77
2024,5,7,BLAC,66.64
2024,5,7,BOIS,63.78
2024,5,7,BOWL,-999
2024,5,7,BREC,67
2024,5,7,BRIS,70.02
2024,5,7,BBOW,-999
2024,5,7,BROK,78.38
2024,5,7,BUFF,68.59
2024,5,7,BURB,67.27
2024,5,7,BURN,75.34
2024,5,7,BUTL,69.57
2024,5,7,BYAR,73.84
2024,5,7,CALV,-999
2024,5,7,CAMA,67
2024,5,7,CATO,-999
2024,5,7,CENT,75.72
2024,5,7,CHAN,70.04
2024,5,7,CHER,68.05
2024,5,7,CHEY,70.37
2024,5,7,CHIC,70.05
2024,5,7,CLAR,-999
2024,5,7,CLRM,-999
2024,5,7,CLAY,77.5
2024,5,7,CLOU,76.32
2024,5,7,COOK,71.78
2024,5,7,COPA,67.4
2024,5,7,DURA,78.17
2024,5,7,ELRE,66.57
2024,5,7,ELKC,68.84
2024,5,7,ERIC,68.73
2024,5,7,EUFA,74.02
2024,5,7,EVAX,64.06
2024,5,7,FAI2,67.41
2024,5,7,FAIR,-999
2024,5,7,FITT,74.34
2024,5,7,FORA,67.71
2024,5,7,FREE,67.9
2024,5,7,FTCB,69.12
2024,5,7,GOOD,67.48
2024,5,7,GRAN,-999
2024,5,7,GRA2,72.81
2024,5,7,GUTH,68.96
2024,5,7,HASK,72.02
2024,5,7,HECT,71.38
2024,5,7,HINT,68.78
2024,5,7,HOBA,68.86
2024,5,7,HOLD,74.85
2024,5,7,HOLL,67.68
2024,5,7,HOOK,65.75
2024,5,7,HUGO,78.73
2024,5,7,IDAB,79.15
2024,5,7,INOL,71.42
2024,5,7,JAYX,68.97
2024,5,7,KENT,63.47
2024,5,7,KETC,73.04
2024,5,7,KING,-999
2024,5,7,KIN2,67.82
2024,5,7,LAHO,66.71
2024,5,7,CARL,68.06
2024,5,7,LANE,77.42
2024,5,7,MADI,76.15
2024,5,7,MANG,68.51
2024,5,7,MARE,67.64
2024,5,7,MARS,-999
2024,5,7,MRSH,66.91
2024,5,7,MAYR,68.23
2024,5,7,MCAL,76
2024,5,7,MEDF,66.41
2024,5,7,MEDI,71.62
2024,5,7,MIAM,68.6
2024,5,7,MINC,69.58
2024,5,7,MTHE,76.36
2024,5,7,NEWK,66.11
2024,5,7,NEWP,75.74
2024,5,7,NINN,-999
2024,5,7,NORM,-999
2024,5,7,NRMN,72.16
2024,5,7,NOWA,68.47
2024,5,7,OILT,69.83
2024,5,7,OKCE,72.04
2024,5,7,OKCN,-999
2024,5,7,OKCW,-999
2024,5,7,OKEM,72.66
2024,5,7,OKMU,71.55
2024,5,7,PAUL,74.15
2024,5,7,PAWN,68.48
2024,5,7,PERK,68.57
2024,5,7,PORT,72
2024,5,7,PRES,-999
2024,5,7,PRYO,71.01
2024,5,7,PUTN,66.92
2024,5,7,REDR,66.88
2024,5,7,RETR,-999
2024,5,7,RING,74.21
2024,5,7,SALL,73.69
2024,5,7,SEIL,67.04
2024,5,7,SEMI,73.55
2024,5,7,SHAW,71.5
2024,5,7,SKIA,70.66
2024,5,7,SLAP,69.59
2024,5,7,SPEN,71.82
2024,5,7,STIG,75.04
2024,5,7,STIL,68.59
2024,5,7,STUA,75.89
2024,5,7,SULP,74.58
2024,5,7,TAHL,71.22
2024,5,7,TALA,69.55
2024,5,7,TALI,77.69
2024,5,7,TIPT,70.22
2024,5,7,TISH,75.07
2024,5,7,TULL,-999
2024,5,7,TULN,72.33
2024,5,7,VALL,78.34
2024,5,7,VINI,68.88
2024,5,7,WALT,-999
2024,5,7,WAL2,72.29
2024,5,7,WASH,71.67
2024,5,7,WATO,69.12
2024,5,7,WAUR,75.47
2024,5,7,WEAT,67.81
2024,5,7,WEBB,-999
2024,5,7,WEBR,-999
2024,5,7,WEB3,73.33
2024,5,7,WEST,71.19
2024,5,7,WILB,76.72
2024,5,7,WIST,77.13
2024,5,7,WOOD,68.4
2024,5,7,WYNO,68.1
2024,5,7,YUKO,70.61
2024,5,8,ACME,74.58
2024,5,8,ADAX,76.99
2024,5,8,ALTU,71.09
2024,5,8,ALVA,-999
2024,5,8,ALV2,66.48
2024,5,8,ANTL,-999
2024,5,8,ANT2,76.78
2024,5,8,APAC,72.39
2024,5,8,ARDM,-999
2024,5,8,ARD2,77.88
2024,5,8,ARNE,65.84
2024,5,8,BEAV,63.88
2024,5,8,BEEX,-999
2024,5,8,BESS,68.41
2024,5,8,BIXB,76.9
2024,5,8,BLAC,67.77
2024,5,8,BOIS,58.01
2024,5,8,BOWL,-999
2024,5,8,BREC,67.33
2024,5,8,BRIS,75.34
2024,5,8,BBOW,-999
2024,5,8,BROK,77.28
2024,5,8,BUFF,65.57
2024,5,8,BURB,69.18
2024,5,8,BURN,77.47
2024,5,8,BUTL,67.71
2024,5,8,BYAR,76.45
2024,5,8,CALV,-999
2024,5,8,CAMA,65.29
2024,5,8,CATO,-999
2024,5,8,CENT,78.12
2024,5,8,CHAN,75.16
2024,5,8,CHER,66.69
2024,5,8,CHEY,66.37
2024,5,8,CHIC,74.38
2024,5,8,CLAR,-999
2024,5,8,CLRM,-999
2024,5,8,CLAY,77.21
2024,5,8,CLOU,76.21
2024,5,8,COOK,74.54
2024,5,8,COPA,71.6
2024,5,8,DURA,78.6
2024,5,8,ELRE,69.05
2024,5,8,ELKC,67.57
2024,5,8,ERIC,68.11
2024,5,8,EUFA,77.89
2024,5,8,EVAX,57.32
2024,5,8,FAI2,66.58
2024,5,8,FAIR,-999
2024,5,8,FITT,76.7
2024,5,8,FORA,68.67
2024,5,8,FREE,67.08
2024,5,8,FTCB,72.05
2024,5,8,GOOD,60.68
2024,5,8,GRAN,-999
2024,5,8,GRA2,74.44
2024,5,8,GUTH,72.99
2024,5,8,HASK,76.22
2024,5,8,HECT,76.79
2024,5,8,HINT,68.88
2024,5,8,HOBA,69.6
2024,5,8,HOLD,76.78
2024,5,8,HOLL,68.19
2024,5,8,HOOK,60.91
2024,5,8,HUGO,77.64
2024,5,8,IDAB,77.47
2024,5,8,INOL,75.8
2024,5,8,JAYX,71.41
2024,5,8,KENT,57.34
2024,5,8,KETC,75.4
2024,5,8,KING,-999
2024,5,8,KIN2,69.49
2024,5,8,LAHO,65.65
2024,5,8,CARL,70.83
2024,5,8,LANE,78.02
2024,5,8,MADI,78.07
2024,5,8,MANG,68.21
2024,5,8,MARE,71.6
2024,5,8,MARS,-999
2024,5,8,MRSH,69.84
2024,5,8,MAYR,65.7
2024,5,8,MCAL,78.61
2024,5,8,MEDF,67.58
2024,5,8,MEDI,72.7
2024,5,8,MIAM,69.59
2024,5,8,MINC,71.18
2024,5,8,MTHE,75.5
2024,5,8,NEWK,67.52
2024,5,8,NEWP,77
2024,5,8,NINN,-999
2024,5,8,NORM,-999
2024,5,8,NRMN,74.1
2024,5,8,NOWA,72.62
2024,5,8,OILT,73.29
2024,5,8,OKCE,73.84
2024,5,8,OKCN,-999
2024,5,8,OKCW,-999
2024,5,8,OKEM,76.51
2024,5,8,OKMU,76.66
2024,5,8,PAUL,76.99
2024,5,8,PAWN,71.81
2024,5,8,PERK,72.65
2024,5,8,PORT,76.4
2024,5,8,PRES,-999
2024,5,8,PRYO,74.69
2024,5,8,PUTN,65.69
2024,5,8,REDR,70.08
2024,5,8,RETR,-999
2024,5,8,RING,76.37
2024,5,8,SALL,75.05
2024,5,8,SEIL,66.26
2024,5,8,SEMI,75.63
2024,5,8,SHAW,74.34
2024,5,8,SKIA,74.06
2024,5,8,SLAP,63.81
2024,5,8,SPEN,73.93
2024,5,8,STIG,77.12
2024,5,8,STIL,72.12
2024,5,8,STUA,77.6
2024,5,8,SULP,76.92
2024,5,8,TAHL,74.09
2024,5,8,TALA,73.41
2024,5,8,TALI,77.42
2024,5,8,TIPT,72.17
2024,5,8,TISH,76.91
2024,5,8,TULL,-999
2024,5,8,TULN,76.36
2024,5,8,VALL,76.49
2024,5,8,VINI,71.2
2024,5,8,WALT,-999
2024,5,8,WAL2,75.08
2024,5,8,WASH,74.2
2024,5,8,WATO,67.76
2024,5,8,WAUR,76.49
2024,5,8,WEAT,68.35
2024,5,8,WEBB,-999
2024,5,8,WEBR,-999
2024,5,8,WEB3,75.82
2024,5,8,WEST,72.12
2024,5,8,WILB,78.03
2024,5,8,WIST,76.45
2024,5,8,WOOD,66.37
2024,5,8,WYNO,72.41
2024,5,8,YUKO,72.11
2024,5,9,ACME,66.66
2024,5,9,ADAX,64.43
2024,5,9,ALTU,68.28
2024,5,9,ALVA,-999
2024,5,9,ALV2,63.51
2024,5,9,ANTL,-999
2024,5,9,ANT2,65.37
2024,5,9,APAC,66.27
2024,5,9,ARDM,-999
2024,5,9,ARD2,65.31
2024,5,9,ARNE,63.77
2024,5,9,BEAV,61.46
2024,5,9,BEEX,-999
2024,5,9,BESS,66.45
2024,5,9,BIXB,68.64
2024,5,9,BLAC,62.87
2024,5,9,BOIS,58.27
2024,5,9,BOWL,-999
2024,5,9,BREC,62.25
2024,5,9,BRIS,64.9
2024,5,9,BBOW,-999
2024,5,9,BROK,68.7
2024,5,9,BUFF,62.5
2024,5,9,BURB,64.5
2024,5,9,BURN,63.77
2024,5,9,BUTL,65.89
2024,5,9,BYAR,65.25
2024,5,9,CALV,-999
2024,5,9,CAMA,63.18
2024,5,9,CATO,-999
2024,5,9,CENT,65.37
2024,5,9,CHAN,67.5
2024,5,9,CHER,62.67
2024,5,9,CHEY,64.25
2024,5,9,CHIC,66.9
2024,5,9,CLAR,-999
2024,5,9,CLRM,-999
2024,5,9,CLAY,64.6
2024,5,9,CLOU,66.72
2024,5,9,COOK,63.44
2024,5,9,COPA,64.45
2024,5,9,DURA,65.24
2024,5,9,ELRE,63.21
2024,5,9,ELKC,65.23
2024,5,9,ERIC,66.46
2024,5,9,EUFA,66.69
2024,5,9,EVAX,56.8
2024,5,9,FAI2,62.03
2024,5,9,FAIR,-999
2024,5,9,FITT,66.01
2024,5,9,FORA,64.32
2024,5,9,FREE,63.89
2024,5,9,FTCB,68.49
2024,5,9,GOOD,58.99
2024,5,9,GRAN,-999
2024,5,9,GRA2,66.93
2024,5,9,GUTH,66.14
2024,5,9,HASK,66.67
2024,5,9,HECT,68.85
2024,5,9,HINT,64.47
2024,5,9,HOBA,67.65
2024,5,9,HOLD,65.07
2024,5,9,HOLL,66.1
2024,5,9,HOOK,59.8
2024,5,9,HUGO,66.96
2024,5,9,IDAB,70.21
2024,5,9,INOL,67.18
2024,5,9,JAYX,63.63
2024,5,9,KENT,56.76
2024,5,9,KETC,65.97
2024,5,9,KING,-999
2024,5,9,KIN2,64.11
2024,5,9,LAHO,62.55
2024,5,9,CARL,63.4
2024,5,9,LANE,66.15
2024,5,9,MADI,64.76
2024,5,9,MANG,67.11
2024,5,9,MARE,65.02
2024,5,9,MARS,-999
2024,5,9,MRSH,64.7
2024,5,9,MAYR,63.54
2024,5,9,MCAL,66.36
2024,5,9,MEDF,63.8
2024,5,9,MEDI,68.35
2024,5,9,MIAM,64.42
2024,5,9,MINC,65.34
2024,5,9,MTHE,65.86
2024,5,9,NEWK,64.02
2024,5,9,NEWP,66.09
2024,5,9,NINN,-999
2024,5,9,NORM,-999
2024,5,9,NRMN,67.12
2024,5,9,NOWA,64.3
2024,5,9,OILT,63.55
2024,5,9,OKCE,66.88
2024,5,9,OKCN,-999
2024,5,9,OKCW,-999
2024,5,9,OKEM,65.58
2024,5,9,OKMU,64.64
2024,5,9,PAUL,65.99
2024,5,9,PAWN,65.89
2024,5,9,PERK,66.77
2024,5,9,PORT,67.44
2024,5,9,PRES,-999
2024,5,9,PRYO,66.71
2024,5,9,PUTN,63.92
2024,5,9,REDR,64.75
2024,5,9,RETR,-999
2024,5,9,RING,65.16
2024,5,9,SALL,67.19
2024,5,9,SEIL,62.37
2024,5,9,SEMI,65.86
2024,5,9,SHAW,64.18
2024,5,9,SKIA,68.28
2024,5,9,SLAP,62.23
2024,5,9,SPEN,66.72
2024,5,9,STIG,66.04
2024,5,9,STIL,64.37
2024,5,9,STUA,64.69
2024,5,9,SULP,66.12
2024,5,9,TAHL,66.61
2024,5,9,TALA,66.33
2024,5,9,TALI,65.84
2024,5,9,TIPT,67.27
2024,5,9,TISH,64.97
2024,5,9,TULL,-999
2024,5,9,TULN,67.84
2024,5,9,VALL,67.87
2024,5,9,VINI,65.72
2024,5,9,WALT,-999
2024,5,9,WAL2,67.02
2024,5,9,WASH,65.65
2024,5,9,WATO,63.73
2024,5,9,WAUR,65.52
2024,5,9,WEAT,66.14
2024,5,9,WEBB,-999
2024,5,9,WEBR,-999
2024,5,9,WEB3,66.34
2024,5,9,WEST,64.68
2024,5,9,WILB,66.74
2024,5,9,WIST,65.3
2024,5,9,WOOD,63.72
2024,5,9,WYNO,66.87
2024,5,9,YUKO,65.9
2024,5,10,ACME,64.54
2024,5,10,ADAX,64.69
2024,5,10,ALTU,67.57
2024,5,10,ALVA,-999
2024,5,10,ALV2,64.45
2024,5,10,ANTL,-999
2024,5,10,ANT2,65.24
2024,5,10,APAC,65.53
2024,5,10,ARDM,-999
2024,5,10,ARD2,67
2024,5,10,ARNE,64.24
2024,5,10,BEAV,62.7
2024,5,10,BEEX,-999
2024,5,10,BESS,65.22
2024,5,10,BIXB,67.68
2024,5,10,BLAC,64.77
2024,5,10,BOIS,58.05
2024,5,10,BOWL,-999
2024,5,10,BREC,63.92
2024,5,10,BRIS,64.18
2024,5,10,BBOW,-999
2024,5,10,BROK,67.23
2024,5,10,BUFF,63.37
2024,5,10,BURB,66
2024,5,10,BURN,65.54
2024,5,10,BUTL,64.93
2024,5,10,BYAR,65.57
2024,5,10,CALV,-999
2024,5,10,CAMA,63.38
2024,5,10,CATO,-999
2024,5,10,CENT,65.61
2024,5,10,CHAN,66.6
2024,5,10,CHER,64.46
2024,5,10,CHEY,63.58
2024,5,10,CHIC,64.94
2024,5,10,CLAR,-999
2024,5,10,CLRM,-999
2024,5,10,CLAY,64.75
2024,5,10,CLOU,65.5
2024,5,10,COOK,62.51
2024,5,10,COPA,65.54
2024,5,10,DURA,66.98
2024,5,10,ELRE,62.84
2024,5,10,ELKC,65.78
2024,5,10,ERIC,65.04
2024,5,10,EUFA,66.37
2024,5,10,EVAX,58.43
2024,5,10,FAI2,64.04
2024,5,10,FAIR,-999
2024,5,10,FITT,66.3
2024,5,10,FORA,65.82
2024,5,10,FREE,64.53
2024,5,10,FTCB,66.51
2024,5,10,GOOD,60.15
2024,5,10,GRAN,-999
2024,5,10,GRA2,67.68
2024,5,10,GUTH,65.45
2024,5,10,HASK,66.22
2024,5,10,HECT,67.6
2024,5,10,HINT,64.44
2024,5,10,HOBA,66.8
2024,5,10,HOLD,65.5
2024,5,10,HOLL,65.97
2024,5,10,HOOK,61.56
2024,5,10,HUGO,67.5
2024,5,10,IDAB,69.08
2024,5,10,INOL,66.11
2024,5,10,JAYX,61.96
2024,5,10,KENT,56.25
2024,5,10,KETC,66.65
2024,5,10,KING,-999
2024,5,10,KIN2,64.62
2024,5,10,LAHO,63.65
2024,5,10,CARL,-996
2024,5,10,LANE,65.86
2024,5,10,MADI,66.8
2024,5,10,MANG,65.61
2024,5,10,MARE,64.93
2024,5,10,MARS,-999
2024,5,10,MRSH,64.38
2024,5,10,MAYR,65.03
2024,5,10,MCAL,64.96
2024,5,10,MEDF,65.49
2024,5,10,MEDI,67.57
2024,5,10,MIAM,64.01
2024,5,10,MINC,64.97
2024,5,10,MTHE,65.23
2024,5,10,NEWK,64.5
2024,5,10,NEWP,67.28
2024,5,10,NINN,-999
2024,5,10,NORM,-999
2024,5,10,NRMN,65.93
2024,5,10,NOWA,64.49
2024,5,10,OILT,63.38
2024,5,10,OKCE,65.19
2024,5,10,OKCN,-999
2024,5,10,OKCW,-999
2024,5,10,OKEM,65.02
2024,5,10,OKMU,64.47
2024,5,10,PAUL,65.77
2024,5,10,PAWN,66.31
2024,5,10,PERK,66.14
2024,5,10,PORT,66.89
2024,5,10,PRES,-999
2024,5,10,PRYO,65.41
2024,5,10,PUTN,64.06
2024,5,10,REDR,64.58
2024,5,10,RETR,-999
2024,5,10,RING,66.82
2024,5,10,SALL,65.78
2024,5,10,SEIL,63.55
2024,5,10,SEMI,65.25
2024,5,10,SHAW,64.56
2024,5,10,SKIA,66.91
2024,5,10,SLAP,63.44
2024,5,10,SPEN,65.53
2024,5,10,STIG,65.98
2024,5,10,STIL,64.06
2024,5,10,STUA,66.18
2024,5,10,SULP,65.32
2024,5,10,TAHL,65.02
2024,5,10,TALA,66.41
2024,5,10,TALI,64.48
2024,5,10,TIPT,66.67
2024,5,10,TISH,66.33
2024,5,10,TULL,-999
2024,5,10,TULN,67.83
2024,5,10,VALL,67.79
2024,5,10,VINI,64.71
2024,5,10,WALT,-999
2024,5,10,WAL2,66.86
2024,5,10,WASH,65.28
2024,5,10,WATO,63.87
2024,5,10,WAUR,67.27
2024,5,10,WEAT,65.8
2024,5,10,WEBB,-999
2024,5,10,WEBR,-999
2024,5,10,WEB3,65.72
2024,5,10,WEST,63.56
2024,5,10,WILB,64.56
2024,5,10,WIST,63.56
2024,5,10,WOOD,63.95
2024,5,10,WYNO,67.11
2024,5,10,YUKO,64.84
2024,5,11,ACME,65.28
2024,5,11,ADAX,68.51
2024,5,11,ALTU,64.21
2024,5,11,ALVA,-999
2024,5,11,ALV2,67.38
2024,5,11,ANTL,-999
2024,5,11,ANT2,67.38
2024,5,11,APAC,65.71
2024,5,11,ARDM,-999
2024,5,11,ARD2,68.83
2024,5,11,ARNE,63.84
2024,5,11,BEAV,63.09
2024,5,11,BEEX,-999
2024,5,11,BESS,63.98
2024,5,11,BIXB,69.59
2024,5,11,BLAC,67.69
2024,5,11,BOIS,58.94
2024,5,11,BOWL,-999
2024,5,11,BREC,66.75
2024,5,11,BRIS,67.39
2024,5,11,BBOW,-999
2024,5,11,BROK,68.53
2024,5,11,BUFF,66.22
2024,5,11,BURB,67.88
2024,5,11,BURN,67.06
2024,5,11,BUTL,62.44
2024,5,11,BYAR,68.4
2024,5,11,CALV,-999
2024,5,11,CAMA,62.32
2024,5,11,CATO,-999
2024,5,11,CENT,68.38
2024,5,11,CHAN,68.4
2024,5,11,CHER,67.11
2024,5,11,CHEY,63.2
2024,5,11,CHIC,65.46
2024,5,11,CLAR,-999
2024,5,11,CLRM,-999
2024,5,11,CLAY,67.17
2024,5,11,CLOU,67.68
2024,5,11,COOK,66.67
2024,5,11,COPA,67.74
2024,5,11,DURA,69.07
2024,5,11,ELRE,64
2024,5,11,ELKC,63.95
2024,5,11,ERIC,59.61
2024,5,11,EUFA,69.29
2024,5,11,EVAX,60.4
2024,5,11,FAI2,66.75
2024,5,11,FAIR,-999
2024,5,11,FITT,67.79
2024,5,11,FORA,68.6
2024,5,11,FREE,66.41
2024,5,11,FTCB,64.35
2024,5,11,GOOD,62.13
2024,5,11,GRAN,-999
2024,5,11,GRA2,67.14
2024,5,11,GUTH,67.72
2024,5,11,HASK,69.48
2024,5,11,HECT,69.75
2024,5,11,HINT,64.51
2024,5,11,HOBA,63.49
2024,5,11,HOLD,69.22
2024,5,11,HOLL,60.51
2024,5,11,HOOK,63.29
2024,5,11,HUGO,69.24
2024,5,11,IDAB,69.68
2024,5,11,INOL,68.7
2024,5,11,JAYX,65.15
2024,5,11,KENT,57.23
2024,5,11,KETC,67.73
2024,5,11,KING,-999
2024,5,11,KIN2,65.46
2024,5,11,LAHO,67.44
2024,5,11,CARL,66.72
2024,5,11,LANE,68.37
2024,5,11,MADI,68.5
2024,5,11,MANG,61.99
2024,5,11,MARE,68.61
2024,5,11,MARS,-999
2024,5,11,MRSH,66.95
2024,5,11,MAYR,67.87
2024,5,11,MCAL,67.92
2024,5,11,MEDF,68.44
2024,5,11,MEDI,65.57
2024,5,11,MIAM,66.34
2024,5,11,MINC,67.13
2024,5,11,MTHE,66.79
2024,5,11,NEWK,68.18
2024,5,11,NEWP,68.95
2024,5,11,NINN,-999
2024,5,11,NORM,-999
2024,5,11,NRMN,66.89
2024,5,11,NOWA,66.57
2024,5,11,OILT,67.96
2024,5,11,OKCE,67.9
2024,5,11,OKCN,-999
2024,5,11,OKCW,-999
2024,5,11,OKEM,68.12
2024,5,11,OKMU,68.14
2024,5,11,PAUL,68.08
2024,5,11,PAWN,68.89
2024,5,11,PERK,68.63
2024,5,11,PORT,70.17
2024,5,11,PRES,-999
2024,5,11,PRYO,68.2
2024,5,11,PUTN,64.44
2024,5,11,REDR,67.79
2024,5,11,RETR,-999
2024,5,11,RING,68.32
2024,5,11,SALL,67.82
2024,5,11,SEIL,64.59
2024,5,11,SEMI,67.47
2024,5,11,SHAW,67.3
2024,5,11,SKIA,69.47
2024,5,11,SLAP,65.05
2024,5,11,SPEN,69.11
2024,5,11,STIG,69.15
2024,5,11,STIL,67.93
2024,5,11,STUA,68.95
2024,5,11,SULP,67.87
2024,5,11,TAHL,67.39
2024,5,11,TALA,68.39
2024,5,11,TALI,67.15
2024,5,11,TIPT,65.02
2024,5,11,TISH,67.9
2024,5,11,TULL,-999
2024,5,11,TULN,72.46
2024,5,11,VALL,69.19
2024,5,11,VINI,67.54
2024,5,11,WALT,-999
2024,5,11,WAL2,67.98
2024,5,11,WASH,66.12
2024,5,11,WATO,66.63
2024,5,11,WAUR,68.62
2024,5,11,WEAT,65.36
2024,5,11,WEBB,-999
2024,5,11,WEBR,-999
2024,5,11,WEB3,68.82
2024,5,11,WEST,66.32
2024,5,11,WILB,68.03
2024,5,11,WIST,66.63
2024,5,11,WOOD,65.66
2024,5,11,WYNO,69.02
2024,5,11,YUKO,67.22
2024,5,12,ACME,62.43
2024,5,12,ADAX,63.83
2024,5,12,ALTU,62.33
2024,5,12,ALVA,-999
2024,5,12,ALV2,60.77
2024,5,12,ANTL,-999
2024,5,12,ANT2,65.1
2024,5,12,APAC,61.44
2024,5,12,ARDM,-999
2024,5,12,ARD2,63.68
2024,5,12,ARNE,57.35
2024,5,12,BEAV,59.44
2024,5,12,BEEX,-999
2024,5,12,BESS,59.91
2024,5,12,BIXB,68.24
2024,5,12,BLAC,64.04
2024,5,12,BOIS,57.79
2024,5,12,BOWL,-999
2024,5,12,BREC,62.2
2024,5,12,BRIS,66.12
2024,5,12,BBOW,-999
2024,5,12,BROK,66.66
2024,5,12,BUFF,59.54
2024,5,12,BURB,64.39
2024,5,12,BURN,64.49
2024,5,12,BUTL,59.3
2024,5,12,BYAR,63.45
2024,5,12,CALV,-999
2024,5,12,CAMA,58.76
2024,5,12,CATO,-999
2024,5,12,CENT,64.81
2024,5,12,CHAN,65.98
2024,5,12,CHER,62.76
2024,5,12,CHEY,57.58
2024,5,12,CHIC,62.91
2024,5,12,CLAR,-999
2024,5,12,CLRM,-999
2024,5,12,CLAY,66.29
2024,5,12,CLOU,64.68
2024,5,12,COOK,68.2
2024,5,12,COPA,66.17
2024,5,12,DURA,64.59
2024,5,12,ELRE,61.66
2024,5,12,ELKC,58.77
2024,5,12,ERIC,58.7
2024,5,12,EUFA,67.7
2024,5,12,EVAX,56.17
2024,5,12,FAI2,61.49
2024,5,12,FAIR,-999
2024,5,12,FITT,63.29
2024,5,12,FORA,65.86
2024,5,12,FREE,58.88
2024,5,12,FTCB,61.88
2024,5,12,GOOD,57.61
2024,5,12,GRAN,-999
2024,5,12,GRA2,63
2024,5,12,GUTH,63.96
2024,5,12,HASK,68.61
2024,5,12,HECT,67.69
2024,5,12,HINT,60.75
2024,5,12,HOBA,61.3
2024,5,12,HOLD,65.2
2024,5,12,HOLL,60.19
2024,5,12,HOOK,58.82
2024,5,12,HUGO,65.77
2024,5,12,IDAB,66.41
2024,5,12,INOL,68.12
2024,5,12,JAYX,66.48
2024,5,12,KENT,58.41
2024,5,12,KETC,62.97
2024,5,12,KING,-999
2024,5,12,KIN2,63.31
2024,5,12,LAHO,61.7
2024,5,12,CARL,63.29
2024,5,12,LANE,65.6
2024,5,12,MADI,64.38
2024,5,12,MANG,61.3
2024,5,12,MARE,63.77
2024,5,12,MARS,-999
2024,5,12,MRSH,63.87
2024,5,12,MAYR,58.57
2024,5,12,MCAL,65.54
2024,5,12,MEDF,63.58
2024,5,12,MEDI,61.18
2024,5,12,MIAM,67.18
2024,5,12,MINC,62.75
2024,5,12,MTHE,64.94
2024,5,12,NEWK,65.4
2024,5,12,NEWP,63.51
2024,5,12,NINN,-999
2024,5,12,NORM,-999
2024,5,12,NRMN,63.51
2024,5,12,NOWA,65.74
2024,5,12,OILT,65.4
2024,5,12,OKCE,64.14
2024,5,12,OKCN,-999
2024,5,12,OKCW,-999
2024,5,12,OKEM,65.73
2024,5,12,OKMU,67.21
2024,5,12,PAUL,64.11
2024,5,12,PAWN,65.51
2024,5,12,PERK,65.13
2024,5,12,PORT,68.76
2024,5,12,PRES,-999
2024,5,12,PRYO,67.42
2024,5,12,PUTN,60.1
2024,5,12,REDR,64.16
2024,5,12,RETR,-999
2024,5,12,RING,63.95
2024,5,12,SALL,69.56
2024,5,12,SEIL,60.6
2024,5,12,SEMI,64.32
2024,5,12,SHAW,64.18
2024,5,12,SKIA,66.41
2024,5,12,SLAP,57.8
2024,5,12,SPEN,63.99
2024,5,12,STIG,68.46
2024,5,12,STIL,64.74
2024,5,12,STUA,65.32
2024,5,12,SULP,63.64
2024,5,12,TAHL,67.65
2024,5,12,TALA,66.74
2024,5,12,TALI,67.16
2024,5,12,TIPT,62.46
2024,5,12,TISH,64.07
2024,5,12,TULL,-999
2024,5,12,TULN,69.08
2024,5,12,VALL,65.93
2024,5,12,VINI,66.39
2024,5,12,WALT,-999
2024,5,12,WAL2,63.17
2024,5,12,WASH,62.78
2024,5,12,WATO,61.43
2024,5,12,WAUR,63.97
2024,5,12,WEAT,60.72
2024,5,12,WEBB,-999
2024,5,12,WEBR,-999
2024,5,12,WEB3,68.99
2024,5,12,WEST,67.09
2024,5,12,WILB,66.69
2024,5,12,WIST,68.28
2024,5,12,WOOD,60.29
2024,5,12,WYNO,65.7
2024,5,12,YUKO,63.16
2024,5,13,ACME,65.64
2024,5,13,ADAX,65.79
2024,5,13,ALTU,68.08
2024,5,13,ALVA,-999
2024,5,13,ALV2,62.71
2024,5,13,ANTL,-999
2024,5,13,ANT2,66
2024,5,13,APAC,64.93
2024,5,13,ARDM,-999
2024,5,13,ARD2,68.47
2024,5,13,ARNE,61.2
2024,5,13,BEAV,62.03
2024,5,13,BEEX,-999
2024,5,13,BESS,63.56
2024,5,13,BIXB,66.84
2024,5,13,BLAC,-996
2024,5,13,BOIS,60.75
2024,5,13,BOWL,-999
2024,5,13,BREC,63.13
2024,5,13,BRIS,65.38
2024,5,13,BBOW,-999
2024,5,13,BROK,66.29
2024,5,13,BUFF,61.21
2024,5,13,BURB,64.35
2024,5,13,BURN,68.39
2024,5,13,BUTL,63.05
2024,5,13,BYAR,65.58
2024,5,13,CALV,-999
2024,5,13,CAMA,60.91
2024,5,13,CATO,-999
2024,5,13,CENT,65.84
2024,5,13,CHAN,65.46
2024,5,13,CHER,-996
2024,5,13,CHEY,62.01
2024,5,13,CHIC,65.76
2024,5,13,CLAR,-999
2024,5,13,CLRM,-999
2024,5,13,CLAY,65.83
2024,5,13,CLOU,65.18
2024,5,13,COOK,65.35
2024,5,13,COPA,63.34
2024,5,13,DURA,67.17
2024,5,13,ELRE,62.88
2024,5,13,ELKC,63.96
2024,5,13,ERIC,64.19
2024,5,13,EUFA,65.91
2024,5,13,EVAX,60.96
2024,5,13,FAI2,62.2
2024,5,13,FAIR,-999
2024,5,13,FITT,65.2
2024,5,13,FORA,64.49
2024,5,13,FREE,61.92
2024,5,13,FTCB,64.73
2024,5,13,GOOD,61.63
2024,5,13,GRAN,-999
2024,5,13,GRA2,69.6
2024,5,13,GUTH,64.54
2024,5,13,HASK,66.13
2024,5,13,HECT,66.33
2024,5,13,HINT,63.27
2024,5,13,HOBA,65.23
2024,5,13,HOLD,65.54
2024,5,13,HOLL,67.33
2024,5,13,HOOK,62.94
2024,5,13,HUGO,66.19
2024,5,13,IDAB,67.3
2024,5,13,INOL,65.28
2024,5,13,JAYX,62.9
2024,5,13,KENT,61.91
2024,5,13,KETC,66.55
2024,5,13,KING,-999
2024,5,13,KIN2,64.54
2024,5,13,LAHO,62.57
2024,5,13,CARL,64.57
2024,5,13,LANE,66.48
2024,5,13,MADI,68.18
2024,5,13,MANG,66.12
2024,5,13,MARE,64.52
2024,5,13,MARS,-999
2024,5,13,MRSH,64.04
2024,5,13,MAYR,61.75
2024,5,13,MCAL,65.16
2024,5,13,MEDF,63.2
2024,5,13,MEDI,65.99
2024,5,13,MIAM,63.74
2024,5,13,MINC,64.27
2024,5,13,MTHE,64.39
2024,5,13,NEWK,63.59
2024,5,13,NEWP,67.88
2024,5,13,NINN,-999
2024,5,13,NORM,-999
2024,5,13,NRMN,65.25
2024,5,13,NOWA,63.29
2024,5,13,OILT,64.65
2024,5,13,OKCE,65.71
2024,5,13,OKCN,-999
2024,5,13,OKCW,-999
2024,5,13,OKEM,65.54
2024,5,13,OKMU,65.68
2024,5,13,PAUL,66.47
2024,5,13,PAWN,64.72
2024,5,13,PERK,64.51
2024,5,13,PORT,66.27
2024,5,13,PRES,-999
2024,5,13,PRYO,64.47
2024,5,13,PUTN,61.48
2024,5,13,REDR,64
2024,5,13,RETR,-999
2024,5,13,RING,68.41
2024,5,13,SALL,68.08
2024,5,13,SEIL,62.35
2024,5,13,SEMI,65.02
2024,5,13,SHAW,64.83
2024,5,13,SKIA,63.75
2024,5,13,SLAP,61.14
2024,5,13,SPEN,64.69
2024,5,13,STIG,67.57
2024,5,13,STIL,65.34
2024,5,13,STUA,65.39
2024,5,13,SULP,66.52
2024,5,13,TAHL,64.67
2024,5,13,TALA,63.64
2024,5,13,TALI,66.22
2024,5,13,TIPT,68.01
2024,5,13,TISH,66.36
2024,5,13,TULL,-999
2024,5,13,TULN,65.44
2024,5,13,VALL,66.53
2024,5,13,VINI,63.75
2024,5,13,WALT,-999
2024,5,13,WAL2,67.92
2024,5,13,WASH,65.82
2024,5,13,WATO,61.94
2024,5,13,WAUR,69.4
2024,5,13,WEAT,62.72
2024,5,13,WEBB,-999
2024,5,13,WEBR,-999
2024,5,13,WEB3,67.92
2024,5,13,WEST,64.2
2024,5,13,WILB,66.08
2024,5,13,WIST,67.11
2024,5,13,WOOD,61.8
2024,5,13,WYNO,64.95
2024,5,13,YUKO,64.65
2024,5,14,ACME,67.21
2024,5,14,ADAX,66.62
2024,5,14,ALTU,70.03
2024,5,14,ALVA,-999
2024,5,14,ALV2,66.62
2024,5,14,ANTL,-999
2024,5,14,ANT2,67.17
2024,5,14,APAC,67.01
2024,5,14,ARDM,-999
2024,5,14,ARD2,69.55
2024,5,14,ARNE,67.31
2024,5,14,BEAV,68.46
2024,5,14,BEEX,-999
2024,5,14,BESS,67.32
2024,5,14,BIXB,67.63
2024,5,14,BLAC,-996
2024,5,14,BOIS,67.52
2024,5,14,BOWL,-999
2024,5,14,BREC,66.74
2024,5,14,BRIS,65.33
2024,5,14,BBOW,-999
2024,5,14,BROK,67.7
2024,5,14,BUFF,67.18
2024,5,14,BURB,66.04
2024,5,14,BURN,67.78
2024,5,14,BUTL,67.29
2024,5,14,BYAR,67.54
2024,5,14,CALV,-999
2024,5,14,CAMA,65.68
2024,5,14,CATO,-999
2024,5,14,CENT,66.22
2024,5,14,CHAN,67.44
2024,5,14,CHER,66.95
2024,5,14,CHEY,68.43
2024,5,14,CHIC,68.05
2024,5,14,CLAR,-999
2024,5,14,CLRM,-999
2024,5,14,CLAY,65.52
2024,5,14,CLOU,66.12
2024,5,14,COOK,62.85
2024,5,14,COPA,66.26
2024,5,14,DURA,68.3
2024,5,14,ELRE,65.26
2024,5,14,ELKC,68.42
2024,5,14,ERIC,68.37
2024,5,14,EUFA,66.45
2024,5,14,EVAX,67.07
2024,5,14,FAI2,67.27
2024,5,14,FAIR,-999
2024,5,14,FITT,66.96
2024,5,14,FORA,65.9
2024,5,14,FREE,67.12
2024,5,14,FTCB,67.5
2024,5,14,GOOD,69.22
2024,5,14,GRAN,-999
2024,5,14,GRA2,69.44
2024,5,14,GUTH,66.99
2024,5,14,HASK,66.72
2024,5,14,HECT,67.18
2024,5,14,HINT,66.87
2024,5,14,HOBA,68.24
2024,5,14,HOLD,67.53
2024,5,14,HOLL,68.82
2024,5,14,HOOK,68.46
2024,5,14,HUGO,68.41
2024,5,14,IDAB,68.76
2024,5,14,INOL,66.4
2024,5,14,JAYX,63.23
2024,5,14,KENT,67.61
2024,5,14,KETC,68.85
2024,5,14,KING,-999
2024,5,14,KIN2,67.59
2024,5,14,LAHO,66.25
2024,5,14,CARL,64.7
2024,5,14,LANE,67.3
2024,5,14,MADI,68.1
2024,5,14,MANG,68.45
2024,5,14,MARE,66.33
2024,5,14,MARS,-999
2024,5,14,MRSH,66.71
2024,5,14,MAYR,67.51
2024,5,14,MCAL,65.24
2024,5,14,MEDF,66.2
2024,5,14,MEDI,69.08
2024,5,14,MIAM,65.73
2024,5,14,MINC,68.25
2024,5,14,MTHE,64.26
2024,5,14,NEWK,65.68
2024,5,14,NEWP,69.43
2024,5,14,NINN,-999
2024,5,14,NORM,-999
2024,5,14,NRMN,67.63
2024,5,14,NOWA,66.27
2024,5,14,OILT,65.16
2024,5,14,OKCE,67.57
2024,5,14,OKCN,-999
2024,5,14,OKCW,-999
2024,5,14,OKEM,65.96
2024,5,14,OKMU,65.82
2024,5,14,PAUL,67.99
2024,5,14,PAWN,66.48
2024,5,14,PERK,66.91
2024,5,14,PORT,67.24
2024,5,14,PRES,-999
2024,5,14,PRYO,66.43
2024,5,14,PUTN,66.49
2024,5,14,REDR,65.72
2024,5,14,RETR,-999
2024,5,14,RING,68.75
2024,5,14,SALL,65.95
2024,5,14,SEIL,66.32
2024,5,14,SEMI,66.33
2024,5,14,SHAW,66.71
2024,5,14,SKIA,66.11
2024,5,14,SLAP,69.36
2024,5,14,SPEN,66.64
2024,5,14,STIG,66.02
2024,5,14,STIL,66.4
2024,5,14,STUA,66.51
2024,5,14,SULP,66.97
2024,5,14,TAHL,63.6
2024,5,14,TALA,67.21
2024,5,14,TALI,65.44
2024,5,14,TIPT,68.9
2024,5,14,TISH,67.07
2024,5,14,TULL,-999
2024,5,14,TULN,67.67
2024,5,14,VALL,68.05
2024,5,14,VINI,66.54
2024,5,14,WALT,-999
2024,5,14,WAL2,69.12
2024,5,14,WASH,67.71
2024,5,14,WATO,67.23
2024,5,14,WAUR,69.72
2024,5,14,WEAT,67.28
2024,5,14,WEBB,-999
2024,5,14,WEBR,-999
2024,5,14,WEB3,66.6
2024,5,14,WEST,62.89
2024,5,14,WILB,65.51
2024,5,14,WIST,65.38
2024,5,14,WOOD,-996
2024,5,14,WYNO,66.73
2024,5,14,YUKO,67.76
2024,5,15,ACME,74.46
2024,5,15,ADAX,71.63
2024,5,15,ALTU,74.07
2024,5,15,ALVA,-999
2024,5,15,ALV2,71.12
2024,5,15,ANTL,-999
2024,5,15,ANT2,69.3
2024,5,15,APAC,73.67
2024,5,15,ARDM,-999
2024,5,15,ARD2,74.58
2024,5,15,ARNE,68.98
2024,5,15,BEAV,70.64
2024,5,15,BEEX,-999
2024,5,15,BESS,71.12
2024,5,15,BIXB,68.47
2024,5,15,BLAC,-996
2024,5,15,BOIS,62.05
2024,5,15,BOWL,-999
2024,5,15,BREC,71.26
2024,5,15,BRIS,67.98
2024,5,15,BBOW,-999
2024,5,15,BROK,69.48
2024,5,15,BUFF,69.8
2024,5,15,BURB,67.7
2024,5,15,BURN,73.38
2024,5,15,BUTL,71.91
2024,5,15,BYAR,72.87
2024,5,15,CALV,-999
2024,5,15,CAMA,70.42
2024,5,15,CATO,-999
2024,5,15,CENT,71.26
2024,5,15,CHAN,71.34
2024,5,15,CHER,72.13
2024,5,15,CHEY,70.64
2024,5,15,CHIC,72.38
2024,5,15,CLAR,-999
2024,5,15,CLRM,-999
2024,5,15,CLAY,68.7
2024,5,15,CLOU,68.52
2024,5,15,COOK,66.31
2024,5,15,COPA,65.87
2024,5,15,DURA,72.77
2024,5,15,ELRE,71.26
2024,5,15,ELKC,70.62
2024,5,15,ERIC,70.18
2024,5,15,EUFA,70.17
2024,5,15,EVAX,63.47
2024,5,15,FAI2,72.04
2024,5,15,FAIR,-999
2024,5,15,FITT,71.69
2024,5,15,FORA,66.69
2024,5,15,FREE,70.31
2024,5,15,FTCB,72.71
2024,5,15,GOOD,64.7
2024,5,15,GRAN,-999
2024,5,15,GRA2,75.62
2024,5,15,GUTH,72.3
2024,5,15,HASK,68.91
2024,5,15,HECT,68.93
2024,5,15,HINT,71.85
2024,5,15,HOBA,73.15
2024,5,15,HOLD,72.42
2024,5,15,HOLL,69.76
2024,5,15,HOOK,65.93
2024,5,15,HUGO,71.45
2024,5,15,IDAB,71.12
2024,5,15,INOL,67.45
2024,5,15,JAYX,64.19
2024,5,15,KENT,60.9
2024,5,15,KETC,74.13
2024,5,15,KING,-999
2024,5,15,KIN2,72.93
2024,5,15,LAHO,71.77
2024,5,15,CARL,70.79
2024,5,15,LANE,70.91
2024,5,15,MADI,73.71
2024,5,15,MANG,71.42
2024,5,15,MARE,70.95
2024,5,15,MARS,-999
2024,5,15,MRSH,72.8
2024,5,15,MAYR,69.62
2024,5,15,MCAL,69.44
2024,5,15,MEDF,70.67
2024,5,15,MEDI,74.06
2024,5,15,MIAM,65.66
2024,5,15,MINC,72.43
2024,5,15,MTHE,68.39
2024,5,15,NEWK,67.25
2024,5,15,NEWP,74.1
2024,5,15,NINN,-999
2024,5,15,NORM,-999
2024,5,15,NRMN,73.56
2024,5,15,NOWA,65.36
2024,5,15,OILT,68.29
2024,5,15,OKCE,73.51
2024,5,15,OKCN,-999
2024,5,15,OKCW,-999
2024,5,15,OKEM,70.32
2024,5,15,OKMU,68.04
2024,5,15,PAUL,73.73
2024,5,15,PAWN,70.46
2024,5,15,PERK,71.61
2024,5,15,PORT,68.34
2024,5,15,PRES,-999
2024,5,15,PRYO,66.62
2024,5,15,PUTN,71.14
2024,5,15,REDR,70.63
2024,5,15,RETR,-999
2024,5,15,RING,74.16
2024,5,15,SALL,69.17
2024,5,15,SEIL,72.2
2024,5,15,SEMI,70.99
2024,5,15,SHAW,72.07
2024,5,15,SKIA,68.35
2024,5,15,SLAP,69.39
2024,5,15,SPEN,72.9
2024,5,15,STIG,69.43
2024,5,15,STIL,72.04
2024,5,15,STUA,70.94
2024,5,15,SULP,72.53
2024,5,15,TAHL,67.29
2024,5,15,TALA,66.94
2024,5,15,TALI,68.55
2024,5,15,TIPT,74.48
2024,5,15,TISH,71.8
2024,5,15,TULL,-999
2024,5,15,TULN,69.22
2024,5,15,VALL,70.5
2024,5,15,VINI,65.46
2024,5,15,WALT,-999
2024,5,15,WAL2,74.61
2024,5,15,WASH,72.09
2024,5,15,WATO,72.51
2024,5,15,WAUR,75.6
2024,5,15,WEAT,72.2
2024,5,15,WEBB,-999
2024,5,15,WEBR,-999
2024,5,15,WEB3,68.38
2024,5,15,WEST,66.79
2024,5,15,WILB,69.26
2024,5,15,WIST,67.1
2024,5,15,WOOD,70.87
2024,5,15,WYNO,67.32
2024,5,15,YUKO,73
2024,5,16,ACME,67.49
2024,5,16,ADAX,67.45
2024,5,16,ALTU,70.34
2024,5,16,ALVA,-999
2024,5,16,ALV2,66.61
2024,5,16,ANTL,-999
2024,5,16,ANT2,67.57
2024,5,16,APAC,67.43
2024,5,16,ARDM,-999
2024,5,16,ARD2,67.65
2024,5,16,ARNE,65.31
2024,5,16,BEAV,64.2
2024,5,16,BEEX,-999
2024,5,16,BESS,68.08
2024,5,16,BIXB,68.42
2024,5,16,BLAC,-996
2024,5,16,BOIS,58.98
2024,5,16,BOWL,-999
2024,5,16,BREC,68.06
2024,5,16,BRIS,67.65
2024,5,16,BBOW,-999
2024,5,16,BROK,68.09
2024,5,16,BUFF,65.19
2024,5,16,BURB,68.03
2024,5,16,BURN,67.27
2024,5,16,BUTL,68.3
2024,5,16,BYAR,67.1
2024,5,16,CALV,-999
2024,5,16,CAMA,65.5
2024,5,16,CATO,-999
2024,5,16,CENT,68.62
2024,5,16,CHAN,67.82
2024,5,16,CHER,67.55
2024,5,16,CHEY,66.15
2024,5,16,CHIC,68.37
2024,5,16,CLAR,-999
2024,5,16,CLRM,-999
2024,5,16,CLAY,68.24
2024,5,16,CLOU,66.36
2024,5,16,COOK,66.87
2024,5,16,COPA,66.94
2024,5,16,DURA,68.3
2024,5,16,ELRE,67.2
2024,5,16,ELKC,68.03
2024,5,16,ERIC,68.01
2024,5,16,EUFA,68.07
2024,5,16,EVAX,60.06
2024,5,16,FAI2,67.64
2024,5,16,FAIR,-999
2024,5,16,FITT,67.46
2024,5,16,FORA,67.47
2024,5,16,FREE,65.66
2024,5,16,FTCB,68.33
2024,5,16,GOOD,62.05
2024,5,16,GRAN,-999
2024,5,16,GRA2,69.8
2024,5,16,GUTH,67.64
2024,5,16,HASK,68.2
2024,5,16,HECT,67.81
2024,5,16,HINT,67.34
2024,5,16,HOBA,68.56
2024,5,16,HOLD,67.57
2024,5,16,HOLL,68.83
2024,5,16,HOOK,63.28
2024,5,16,HUGO,68.02
2024,5,16,IDAB,68.25
2024,5,16,INOL,68.18
2024,5,16,JAYX,66.23
2024,5,16,KENT,58.62
2024,5,16,KETC,67.14
2024,5,16,KING,-999
2024,5,16,KIN2,69.01
2024,5,16,LAHO,67.23
2024,5,16,CARL,67.78
2024,5,16,LANE,68.54
2024,5,16,MADI,67.62
2024,5,16,MANG,69.22
2024,5,16,MARE,67.17
2024,5,16,MARS,-999
2024,5,16,MRSH,68.18
2024,5,16,MAYR,64.74
2024,5,16,MCAL,68.56
2024,5,16,MEDF,67.14
2024,5,16,MEDI,67.49
2024,5,16,MIAM,66.59
2024,5,16,MINC,67.72
2024,5,16,MTHE,66.28
2024,5,16,NEWK,67.06
2024,5,16,NEWP,67.46
2024,5,16,NINN,-999
2024,5,16,NORM,-999
2024,5,16,NRMN,67.89
2024,5,16,NOWA,66.05
2024,5,16,OILT,67.5
2024,5,16,OKCE,68.53
2024,5,16,OKCN,-999
2024,5,16,OKCW,-999
2024,5,16,OKEM,67.5
2024,5,16,OKMU,67.26
2024,5,16,PAUL,67.74
2024,5,16,PAWN,68.44
2024,5,16,PERK,67.57
2024,5,16,PORT,68.18
2024,5,16,PRES,-999
2024,5,16,PRYO,67.44
2024,5,16,PUTN,66.77
2024,5,16,REDR,68.49
2024,5,16,RETR,-999
2024,5,16,RING,67.33
2024,5,16,SALL,68.58
2024,5,16,SEIL,66.46
2024,5,16,SEMI,67.18
2024,5,16,SHAW,67.13
2024,5,16,SKIA,67.3
2024,5,16,SLAP,63.89
2024,5,16,SPEN,67.66
2024,5,16,STIG,67.73
2024,5,16,STIL,68.39
2024,5,16,STUA,68.03
2024,5,16,SULP,67.27
2024,5,16,TAHL,67.23
2024,5,16,TALA,66.94
2024,5,16,TALI,67.42
2024,5,16,TIPT,69.68
2024,5,16,TISH,67.91
2024,5,16,TULL,-999
2024,5,16,TULN,68.88
2024,5,16,VALL,67.32
2024,5,16,VINI,66.48
2024,5,16,WALT,-999
2024,5,16,WAL2,68.48
2024,5,16,WASH,67.26
2024,5,16,WATO,67.44
2024,5,16,WAUR,68.13
2024,5,16,WEAT,67.8
2024,5,16,WEBB,-999
2024,5,16,WEBR,-999
2024,5,16,WEB3,67.68
2024,5,16,WEST,66.08
2024,5,16,WILB,68.15
2024,5,16,WIST,66.19
2024,5,16,WOOD,65.38
2024,5,16,WYNO,67.12
2024,5,16,YUKO,67.92
2024,5,17,ACME,68.38
2024,5,17,ADAX,68.27
2024,5,17,ALTU,72.34
2024,5,17,ALVA,-999
2024,5,17,ALV2,70.7
2024,5,17,ANTL,-999
2024,5,17,ANT2,67.09
2024,5,17,APAC,68.95
2024,5,17,ARDM,-999
2024,5,17,ARD2,68.62
2024,5,17,ARNE,68.58
2024,5,17,BEAV,67.36
2024,5,17,BEEX,-999
2024,5,17,BESS,70.02
2024,5,17,BIXB,69.96
2024,5,17,BLAC,-996
2024,5,17,BOIS,65.31
2024,5,17,BOWL,-999
2024,5,17,BREC,70.35
2024,5,17,BRIS,67.62
2024,5,17,BBOW,-999
2024,5,17,BROK,69.69
2024,5,17,BUFF,69.35
2024,5,17,BURB,70.02
2024,5,17,BURN,67.94
2024,5,17,BUTL,70.48
2024,5,17,BYAR,69.32
2024,5,17,CALV,-999
2024,5,17,CAMA,69.21
2024,5,17,CATO,-999
2024,5,17,CENT,67.82
2024,5,17,CHAN,69.58
2024,5,17,CHER,71.22
2024,5,17,CHEY,69.58
2024,5,17,CHIC,68.69
2024,5,17,CLAR,-999
2024,5,17,CLRM,-999
2024,5,17,CLAY,68
2024,5,17,CLOU,66.81
2024,5,17,COOK,67.82
2024,5,17,COPA,69.91
2024,5,17,DURA,68.2
2024,5,17,ELRE,68.07
2024,5,17,ELKC,70.31
2024,5,17,ERIC,70.39
2024,5,17,EUFA,69.11
2024,5,17,EVAX,66.18
2024,5,17,FAI2,70.72
2024,5,17,FAIR,-999
2024,5,17,FITT,67.81
2024,5,17,FORA,70.18
2024,5,17,FREE,69.79
2024,5,17,FTCB,69.5
2024,5,17,GOOD,67.27
2024,5,17,GRAN,-999
2024,5,17,GRA2,71.37
2024,5,17,GUTH,70.48
2024,5,17,HASK,69.93
2024,5,17,HECT,69.65
2024,5,17,HINT,69.42
2024,5,17,HOBA,70.65
2024,5,17,HOLD,68.39
2024,5,17,HOLL,70.88
2024,5,17,HOOK,67.07
2024,5,17,HUGO,68.4
2024,5,17,IDAB,70.13
2024,5,17,INOL,70.24
2024,5,17,JAYX,68.54
2024,5,17,KENT,66.36
2024,5,17,KETC,69.08
2024,5,17,KING,-999
2024,5,17,KIN2,70.55
2024,5,17,LAHO,70.26
2024,5,17,CARL,69.4
2024,5,17,LANE,67.84
2024,5,17,MADI,67.94
2024,5,17,MANG,70.89
2024,5,17,MARE,70.21
2024,5,17,MARS,-999
2024,5,17,MRSH,70.98
2024,5,17,MAYR,70.53
2024,5,17,MCAL,67.3
2024,5,17,MEDF,70.52
2024,5,17,MEDI,69.12
2024,5,17,MIAM,69.74
2024,5,17,MINC,69.28
2024,5,17,MTHE,67.53
2024,5,17,NEWK,70.2
2024,5,17,NEWP,69.08
2024,5,17,NINN,-999
2024,5,17,NORM,-999
2024,5,17,NRMN,69.77
2024,5,17,NOWA,69.01
2024,5,17,OILT,67.98
2024,5,17,OKCE,69.81
2024,5,17,OKCN,-999
2024,5,17,OKCW,-999
2024,5,17,OKEM,67.97
2024,5,17,OKMU,68.52
2024,5,17,PAUL,70.09
2024,5,17,PAWN,70.62
2024,5,17,PERK,70.69
2024,5,17,PORT,70.13
2024,5,17,PRES,-999
2024,5,17,PRYO,69.6
2024,5,17,PUTN,69.76
2024,5,17,REDR,70.46
2024,5,17,RETR,-999
2024,5,17,RING,69.01
2024,5,17,SALL,70.18
2024,5,17,SEIL,70.39
2024,5,17,SEMI,68.42
2024,5,17,SHAW,68.81
2024,5,17,SKIA,70.05
2024,5,17,SLAP,68.74
2024,5,17,SPEN,69.77
2024,5,17,STIG,68.97
2024,5,17,STIL,70.87
2024,5,17,STUA,67.94
2024,5,17,SULP,68.32
2024,5,17,TAHL,67.82
2024,5,17,TALA,70.09
2024,5,17,TALI,67.82
2024,5,17,TIPT,71.17
2024,5,17,TISH,67.62
2024,5,17,TULL,-999
2024,5,17,TULN,70.68
2024,5,17,VALL,68.75
2024,5,17,VINI,68.8
2024,5,17,WALT,-999
2024,5,17,WAL2,69.98
2024,5,17,WASH,69.22
2024,5,17,WATO,70.22
2024,5,17,WAUR,69.8
2024,5,17,WEAT,70.24
2024,5,17,WEBB,-999
2024,5,17,WEBR,-999
2024,5,17,WEB3,68.73
2024,5,17,WEST,66.86
2024,5,17,WILB,68.01
2024,5,17,WIST,68.61
2024,5,17,WOOD,70.22
2024,5,17,WYNO,69.85
2024,5,17,YUKO,69.81
2024,5,18,ACME,75.33
2024,5,18,ADAX,74.56
2024,5,18,ALTU,78.56
2024,5,18,ALVA,-999
2024,5,18,ALV2,76.55
2024,5,18,ANTL,-999
2024,5,18,ANT2,72.24
2024,5,18,APAC,74.4
2024,5,18,ARDM,-999
2024,5,18,ARD2,75.57
2024,5,18,ARNE,74.41
2024,5,18,BEAV,75.7
2024,5,18,BEEX,-999
2024,5,18,BESS,75.71
2024,5,18,BIXB,73.65
2024,5,18,BLAC,74.84
2024,5,18,BOIS,72.77
2024,5,18,BOWL,-999
2024,5,18,BREC,75.17
2024,5,18,BRIS,73.65
2024,5,18,BBOW,-999
2024,5,18,BROK,72.43
2024,5,18,BUFF,77.39
2024,5,18,BURB,74.13
2024,5,18,BURN,74.21
2024,5,18,BUTL,76.58
2024,5,18,BYAR,75.17
2024,5,18,CALV,-999
2024,5,18,CAMA,74.31
2024,5,18,CATO,-999
2024,5,18,CENT,73.24
2024,5,18,CHAN,74.61
2024,5,18,CHER,76.91
2024,5,18,CHEY,75.95
2024,5,18,CHIC,74.55
2024,5,18,CLAR,-999
2024,5,18,CLRM,-999
2024,5,18,CLAY,71.75
2024,5,18,CLOU,71.44
2024,5,18,COOK,72.06
2024,5,18,COPA,74.07
2024,5,18,DURA,75.3
2024,5,18,ELRE,73.27
2024,5,18,ELKC,75.04
2024,5,18,ERIC,75.99
2024,5,18,EUFA,73.97
2024,5,18,EVAX,71.22
2024,5,18,FAI2,77.5
2024,5,18,FAIR,-999
2024,5,18,FITT,73.85
2024,5,18,FORA,73.92
2024,5,18,FREE,77.89
2024,5,18,FTCB,76.19
2024,5,18,GOOD,72.48
2024,5,18,GRAN,-999
2024,5,18,GRA2,77.8
2024,5,18,GUTH,75.09
2024,5,18,HASK,73.84
2024,5,18,HECT,74.56
2024,5,18,HINT,74.64
2024,5,18,HOBA,76.81
2024,5,18,HOLD,74.92
2024,5,18,HOLL,76.42
2024,5,18,HOOK,73.17
2024,5,18,HUGO,74.82
2024,5,18,IDAB,74.19
2024,5,18,INOL,73.82
2024,5,18,JAYX,71.84
2024,5,18,KENT,73.89
2024,5,18,KETC,74.8
2024,5,18,KING,-999
2024,5,18,KIN2,75.43
2024,5,18,LAHO,74.85
2024,5,18,CARL,73.36
2024,5,18,LANE,73.19
2024,5,18,MADI,75.13
2024,5,18,MANG,76.66
2024,5,18,MARE,73.98
2024,5,18,MARS,-999
2024,5,18,MRSH,75.52
2024,5,18,MAYR,76.62
2024,5,18,MCAL,72.7
2024,5,18,MEDF,75.1
2024,5,18,MEDI,75.77
2024,5,18,MIAM,72.05
2024,5,18,MINC,74.26
2024,5,18,MTHE,71.63
2024,5,18,NEWK,74.19
2024,5,18,NEWP,75.48
2024,5,18,NINN,-999
2024,5,18,NORM,-999
2024,5,18,NRMN,75.88
2024,5,18,NOWA,72.13
2024,5,18,OILT,74.7
2024,5,18,OKCE,76.38
2024,5,18,OKCN,-999
2024,5,18,OKCW,-999
2024,5,18,OKEM,73.69
2024,5,18,OKMU,72.06
2024,5,18,PAUL,75.09
2024,5,18,PAWN,75.4
2024,5,18,PERK,75.49
2024,5,18,PORT,73.98
2024,5,18,PRES,-999
2024,5,18,PRYO,73.13
2024,5,18,PUTN,74.74
2024,5,18,REDR,74.42
2024,5,18,RETR,-999
2024,5,18,RING,75.03
2024,5,18,SALL,72.47
2024,5,18,SEIL,77.04
2024,5,18,SEMI,73.62
2024,5,18,SHAW,74.3
2024,5,18,SKIA,75.33
2024,5,18,SLAP,74.93
2024,5,18,SPEN,76.14
2024,5,18,STIG,72.76
2024,5,18,STIL,75.68
2024,5,18,STUA,74.78
2024,5,18,SULP,73.98
2024,5,18,TAHL,72.37
2024,5,18,TALA,74.32
2024,5,18,TALI,71.15
2024,5,18,TIPT,77.72
2024,5,18,TISH,74.01
2024,5,18,TULL,-999
2024,5,18,TULN,76.42
2024,5,18,VALL,72.88
2024,5,18,VINI,72.85
2024,5,18,WALT,-999
2024,5,18,WAL2,75.63
2024,5,18,WASH,74.03
2024,5,18,WATO,76.49
2024,5,18,WAUR,76.6
2024,5,18,WEAT,75.65
2024,5,18,WEBB,-999
2024,5,18,WEBR,-999
2024,5,18,WEB3,73.04
2024,5,18,WEST,71.44
2024,5,18,WILB,72.55
2024,5,18,WIST,70.58
2024,5,18,WOOD,77.48
2024,5,18,WYNO,74.38
2024,5,18,YUKO,75.52
2024,5,19,ACME,79.12
2024,5,19,ADAX,77.84
2024,5,19,ALTU,82.71
2024,5,19,ALVA,-999
2024,5,19,ALV2,76.32
2024,5,19,ANTL,-999
2024,5,19,ANT2,75.83
2024,5,19,APAC,78.56
2024,5,19,ARDM,-999
2024,5,19,ARD2,79.9
2024,5,19,ARNE,74.44
2024,5,19,BEAV,77.2
2024,5,19,BEEX,-999
2024,5,19,BESS,77.67
2024,5,19,BIXB,76.79
2024,5,19,BLAC,76.95
2024,5,19,BOIS,72.51
2024,5,19,BOWL,-999
2024,5,19,BREC,77.89
2024,5,19,BRIS,75.29
2024,5,19,BBOW,-999
2024,5,19,BROK,74.68
2024,5,19,BUFF,77.27
2024,5,19,BURB,76.63
2024,5,19,BURN,78.78
2024,5,19,BUTL,77.85
2024,5,19,BYAR,78.29
2024,5,19,CALV,-999
2024,5,19,CAMA,74.24
2024,5,19,CATO,-999
2024,5,19,CENT,76.85
2024,5,19,CHAN,77.36
2024,5,19,CHER,78.34
2024,5,19,CHEY,78.59
2024,5,19,CHIC,78.49
2024,5,19,CLAR,-999
2024,5,19,CLRM,-999
2024,5,19,CLAY,75.58
2024,5,19,CLOU,74.48
2024,5,19,COOK,75.44
2024,5,19,COPA,76.4
2024,5,19,DURA,78.19
2024,5,19,ELRE,74.92
2024,5,19,ELKC,78.63
2024,5,19,ERIC,80.08
2024,5,19,EUFA,76.31
2024,5,19,EVAX,72.16
2024,5,19,FAI2,75.67
2024,5,19,FAIR,-999
2024,5,19,FITT,76.84
2024,5,19,FORA,75.46
2024,5,19,FREE,76.03
2024,5,19,FTCB,78.95
2024,5,19,GOOD,76.22
2024,5,19,GRAN,-999
2024,5,19,GRA2,81.83
2024,5,19,GUTH,77.47
2024,5,19,HASK,76.45
2024,5,19,HECT,77.8
2024,5,19,HINT,76.34
2024,5,19,HOBA,80.95
2024,5,19,HOLD,77.25
2024,5,19,HOLL,80.69
2024,5,19,HOOK,75.14
2024,5,19,HUGO,77.51
2024,5,19,IDAB,76.73
2024,5,19,INOL,76.02
2024,5,19,JAYX,75.05
2024,5,19,KENT,71.32
2024,5,19,KETC,78.49
2024,5,19,KING,-999
2024,5,19,KIN2,77.79
2024,5,19,LAHO,76.29
2024,5,19,CARL,76.61
2024,5,19,LANE,76.1
2024,5,19,MADI,79.11
2024,5,19,MANG,81.34
2024,5,19,MARE,76.29
2024,5,19,MARS,-999
2024,5,19,MRSH,77.93
2024,5,19,MAYR,75.86
2024,5,19,MCAL,76.39
2024,5,19,MEDF,77.13
2024,5,19,MEDI,77.7
2024,5,19,MIAM,75.11
2024,5,19,MINC,77.49
2024,5,19,MTHE,74.69
2024,5,19,NEWK,75.58
2024,5,19,NEWP,78.97
2024,5,19,NINN,-999
2024,5,19,NORM,-999
2024,5,19,NRMN,79.13
2024,5,19,NOWA,75.31
2024,5,19,OILT,76.3
2024,5,19,OKCE,78.4
2024,5,19,OKCN,-999
2024,5,19,OKCW,-999
2024,5,19,OKEM,76.68
2024,5,19,OKMU,75.46
2024,5,19,PAUL,78.21
2024,5,19,PAWN,77.42
2024,5,19,PERK,77.79
2024,5,19,PORT,76.69
2024,5,19,PRES,-999
2024,5,19,PRYO,76.04
2024,5,19,PUTN,74.85
2024,5,19,REDR,76.49
2024,5,19,RETR,-999
2024,5,19,RING,78.72
2024,5,19,SALL,76.79
2024,5,19,SEIL,76.27
2024,5,19,SEMI,76.11
2024,5,19,SHAW,76.9
2024,5,19,SKIA,78.07
2024,5,19,SLAP,76.98
2024,5,19,SPEN,77.61
2024,5,19,STIG,76.02
2024,5,19,STIL,77.12
2024,5,19,STUA,76.66
2024,5,19,SULP,78.42
2024,5,19,TAHL,75.69
2024,5,19,TALA,77.08
2024,5,19,TALI,75.27
2024,5,19,TIPT,80.95
2024,5,19,TISH,77.39
2024,5,19,TULL,-999
2024,5,19,TULN,78.11
2024,5,19,VALL,76.67
2024,5,19,VINI,75.68
2024,5,19,WALT,-999
2024,5,19,WAL2,79.66
2024,5,19,WASH,77.06
2024,5,19,WATO,76.71
2024,5,19,WAUR,80.08
2024,5,19,WEAT,77.68
2024,5,19,WEBB,-999
2024,5,19,WEBR,-999
2024,5,19,WEB3,75.88
2024,5,19,WEST,74.46
2024,5,19,WILB,75.38
2024,5,19,WIST,73.38
2024,5,19,WOOD,76.15
2024,5,19,WYNO,77.08
2024,5,19,YUKO,77.57
2024,5,20,ACME,79.36
2024,5,20,ADAX,79.26
2024,5,20,ALTU,84.64
2024,5,20,ALVA,-999
2024,5,20,ALV2,75.49
2024,5,20,ANTL,-999
2024,5,20,ANT2,78.48
2024,5,20,APAC,79.07
2024,5,20,ARDM,-999
2024,5,20,ARD2,80.37
2024,5,20,ARNE,76.43
2024,5,20,BEAV,75.64
2024,5,20,BEEX,-999
2024,5,20,BESS,80.61
2024,5,20,BIXB,77.25
2024,5,20,BLAC,75.4
2024,5,20,BOIS,69.68
2024,5,20,BOWL,-999
2024,5,20,BREC,75.3
2024,5,20,BRIS,76.25
2024,5,20,BBOW,-999
2024,5,20,BROK,76.42
2024,5,20,BUFF,76.41
2024,5,20,BURB,75.56
2024,5,20,BURN,79.99
2024,5,20,BUTL,81.45
2024,5,20,BYAR,79.24
2024,5,20,CALV,-999
2024,5,20,CAMA,78.18
2024,5,20,CATO,-999
2024,5,20,CENT,79.33
2024,5,20,CHAN,76.39
2024,5,20,CHER,76.23
2024,5,20,CHEY,79.97
2024,5,20,CHIC,80.83
2024,5,20,CLAR,-999
2024,5,20,CLRM,-999
2024,5,20,CLAY,80.2
2024,5,20,CLOU,76.81
2024,5,20,COOK,76.9
2024,5,20,COPA,75.68
2024,5,20,DURA,78.64
2024,5,20,ELRE,77.15
2024,5,20,ELKC,80.54
2024,5,20,ERIC,82.08
2024,5,20,EUFA,78.01
2024,5,20,EVAX,68.46
2024,5,20,FAI2,77.41
2024,5,20,FAIR,-999
2024,5,20,FITT,78.14
2024,5,20,FORA,74.55
2024,5,20,FREE,75.8
2024,5,20,FTCB,80.77
2024,5,20,GOOD,69.84
2024,5,20,GRAN,-999
2024,5,20,GRA2,82.36
2024,5,20,GUTH,76.72
2024,5,20,HASK,77.06
2024,5,20,HECT,76.01
2024,5,20,HINT,79.41
2024,5,20,HOBA,82.03
2024,5,20,HOLD,78.02
2024,5,20,HOLL,82.94
2024,5,20,HOOK,72.34
2024,5,20,HUGO,79.29
2024,5,20,IDAB,78.86
2024,5,20,INOL,76.49
2024,5,20,JAYX,74.81
2024,5,20,KENT,69.83
2024,5,20,KETC,78.92
2024,5,20,KING,-999
2024,5,20,KIN2,78.3
2024,5,20,LAHO,75.48
2024,5,20,CARL,75.58
2024,5,20,LANE,78.62
2024,5,20,MADI,79.94
2024,5,20,MANG,82.89
2024,5,20,MARE,74.69
2024,5,20,MARS,-999
2024,5,20,MRSH,76.19
2024,5,20,MAYR,73.88
2024,5,20,MCAL,78.85
2024,5,20,MEDF,75.36
2024,5,20,MEDI,78.03
2024,5,20,MIAM,75.44
2024,5,20,MINC,78.4
2024,5,20,MTHE,77.19
2024,5,20,NEWK,74.88
2024,5,20,NEWP,79.89
2024,5,20,NINN,-999
2024,5,20,NORM,-999
2024,5,20,NRMN,78.79
2024,5,20,NOWA,75.88
2024,5,20,OILT,75.58
2024,5,20,OKCE,77.87
2024,5,20,OKCN,-999
2024,5,20,OKCW,-999
2024,5,20,OKEM,77.47
2024,5,20,OKMU,77.62
2024,5,20,PAUL,79.87
2024,5,20,PAWN,75.6
2024,5,20,PERK,76.06
2024,5,20,PORT,76.71
2024,5,20,PRES,-999
2024,5,20,PRYO,76.77
2024,5,20,PUTN,78.27
2024,5,20,REDR,75.12
2024,5,20,RETR,-999
2024,5,20,RING,79.41
2024,5,20,SALL,78.69
2024,5,20,SEIL,79.25
2024,5,20,SEMI,77.53
2024,5,20,SHAW,76.63
2024,5,20,SKIA,75.96
2024,5,20,SLAP,76.66
2024,5,20,SPEN,76.69
2024,5,20,STIG,78.18
2024,5,20,STIL,76.14
2024,5,20,STUA,78.8
2024,5,20,SULP,79.09
2024,5,20,TAHL,75.94
2024,5,20,TALA,75.78
2024,5,20,TALI,79.93
2024,5,20,TIPT,82.26
2024,5,20,TISH,78.5
2024,5,20,TULL,-999
2024,5,20,TULN,77.33
2024,5,20,VALL,78.79
2024,5,20,VINI,75.61
2024,5,20,WALT,-999
2024,5,20,WAL2,79.97
2024,5,20,WASH,78.41
2024,5,20,WATO,78.17
2024,5,20,WAUR,80.79
2024,5,20,WEAT,79.95
2024,5,20,WEBB,-999
2024,5,20,WEBR,-999
2024,5,20,WEB3,77.78
2024,5,20,WEST,74.9
2024,5,20,WILB,78.69
2024,5,20,WIST,77.17
2024,5,20,WOOD,78.02
2024,5,20,WYNO,75.29
2024,5,20,YUKO,77.12
2024,5,21,ACME,79.54
2024,5,21,ADAX,79.33
2024,5,21,ALTU,83.05
2024,5,21,ALVA,-999
2024,5,21,ALV2,75.47
2024,5,21,ANTL,-999
2024,5,21,ANT2,76.64
2024,5,21,APAC,79.49
2024,5,21,ARDM,-999
2024,5,21,ARD2,80.55
2024,5,21,ARNE,73.84
2024,5,21,BEAV,71.65
2024,5,21,BEEX,-999
2024,5,21,BESS,78.08
2024,5,21,BIXB,76.58
2024,5,21,BLAC,76.6
2024,5,21,BOIS,65.75
2024,5,21,BOWL,-999
2024,5,21,BREC,77.28
2024,5,21,BRIS,76.31
2024,5,21,BBOW,-999
2024,5,21,BROK,74.34
2024,5,21,BUFF,74.65
2024,5,21,BURB,76.88
2024,5,21,BURN,80.79
2024,5,21,BUTL,77.56
2024,5,21,BYAR,79.18
2024,5,21,CALV,-999
2024,5,21,CAMA,75
2024,5,21,CATO,-999
2024,5,21,CENT,78.42
2024,5,21,CHAN,77.7
2024,5,21,CHER,76.49
2024,5,21,CHEY,75.18
2024,5,21,CHIC,80.99
2024,5,21,CLAR,-999
2024,5,21,CLRM,-999
2024,5,21,CLAY,77.11
2024,5,21,CLOU,75.16
2024,5,21,COOK,74.86
2024,5,21,COPA,75.51
2024,5,21,DURA,78.8
2024,5,21,ELRE,76.81
2024,5,21,ELKC,77.27
2024,5,21,ERIC,78.15
2024,5,21,EUFA,77.1
2024,5,21,EVAX,65.1
2024,5,21,FAI2,77.28
2024,5,21,FAIR,-999
2024,5,21,FITT,78.36
2024,5,21,FORA,75.63
2024,5,21,FREE,74.57
2024,5,21,FTCB,80.56
2024,5,21,GOOD,67.87
2024,5,21,GRAN,-999
2024,5,21,GRA2,83.07
2024,5,21,GUTH,79.31
2024,5,21,HASK,76.06
2024,5,21,HECT,75.94
2024,5,21,HINT,77.84
2024,5,21,HOBA,79.87
2024,5,21,HOLD,78.1
2024,5,21,HOLL,80.9
2024,5,21,HOOK,68.1
2024,5,21,HUGO,77.51
2024,5,21,IDAB,76.99
2024,5,21,INOL,75.38
2024,5,21,JAYX,73.93
2024,5,21,KENT,65.95
2024,5,21,KETC,79.9
2024,5,21,KING,-999
2024,5,21,KIN2,79.56
2024,5,21,LAHO,76.34
2024,5,21,CARL,78.53
2024,5,21,LANE,77.38
2024,5,21,MADI,79.72
2024,5,21,MANG,80.04
2024,5,21,MARE,77.93
2024,5,21,MARS,-999
2024,5,21,MRSH,78.94
2024,5,21,MAYR,73.59
2024,5,21,MCAL,78.41
2024,5,21,MEDF,76.85
2024,5,21,MEDI,79.41
2024,5,21,MIAM,75.01
2024,5,21,MINC,78.78
2024,5,21,MTHE,74.74
2024,5,21,NEWK,75.16
2024,5,21,NEWP,79.75
2024,5,21,NINN,-999
2024,5,21,NORM,-999
2024,5,21,NRMN,79.41
2024,5,21,NOWA,76.05
2024,5,21,OILT,76.44
2024,5,21,OKCE,79.41
2024,5,21,OKCN,-999
2024,5,21,OKCW,-999
2024,5,21,OKEM,77.1
2024,5,21,OKMU,76.27
2024,5,21,PAUL,79.6
2024,5,21,PAWN,78.02
2024,5,21,PERK,78.75
2024,5,21,PORT,75.87
2024,5,21,PRES,-999
2024,5,21,PRYO,75.64
2024,5,21,PUTN,75.82
2024,5,21,REDR,77.45
2024,5,21,RETR,-999
2024,5,21,RING,80.07
2024,5,21,SALL,76.29
2024,5,21,SEIL,75.93
2024,5,21,SEMI,78.06
2024,5,21,SHAW,77.92
2024,5,21,SKIA,76.33
2024,5,21,SLAP,71.84
2024,5,21,SPEN,78.63
2024,5,21,STIG,77.47
2024,5,21,STIL,79.04
2024,5,21,STUA,78.48
2024,5,21,SULP,79.02
2024,5,21,TAHL,74.76
2024,5,21,TALA,75.72
2024,5,21,TALI,77.76
2024,5,21,TIPT,81.86
2024,5,21,TISH,78.5
2024,5,21,TULL,-999
2024,5,21,TULN,77.19
2024,5,21,VALL,76.91
2024,5,21,VINI,75.22
2024,5,21,WALT,-999
2024,5,21,WAL2,80.81
2024,5,21,WASH,79.33
2024,5,21,WATO,76.97
2024,5,21,WAUR,82.12
2024,5,21,WEAT,77.73
2024,5,21,WEBB,-999
2024,5,21,WEBR,-999
2024,5,21,WEB3,76.36
2024,5,21,WEST,73.62
2024,5,21,WILB,78.39
2024,5,21,WIST,77.75
2024,5,21,WOOD,74.52
2024,5,21,WYNO,76.5
2024,5,21,YUKO,78.95
2024,5,22,ACME,70.15
2024,5,22,ADAX,71.49
2024,5,22,ALTU,73.39
2024,5,22,ALVA,-999
2024,5,22,ALV2,66.71
2024,5,22,ANTL,-999
2024,5,22,ANT2,74.12
2024,5,22,APAC,69.82
2024,5,22,ARDM,-999
2024,5,22,ARD2,73.26
2024,5,22,ARNE,65.99
2024,5,22,BEAV,65.89
2024,5,22,BEEX,-999
2024,5,22,BESS,70.12
2024,5,22,BIXB,68.95
2024,5,22,BLAC,66.54
2024,5,22,BOIS,61.9
2024,5,22,BOWL,-999
2024,5,22,BREC,67.44
2024,5,22,BRIS,68.26
2024,5,22,BBOW,-999
2024,5,22,BROK,73.51
2024,5,22,BUFF,66.89
2024,5,22,BURB,66.31
2024,5,22,BURN,73.91
2024,5,22,BUTL,68.67
2024,5,22,BYAR,70.45
2024,5,22,CALV,-999
2024,5,22,CAMA,66.65
2024,5,22,CATO,-999
2024,5,22,CENT,71.63
2024,5,22,CHAN,68.72
2024,5,22,CHER,68.31
2024,5,22,CHEY,66.52
2024,5,22,CHIC,71.53
2024,5,22,CLAR,-999
2024,5,22,CLRM,-999
2024,5,22,CLAY,73.45
2024,5,22,CLOU,72.85
2024,5,22,COOK,67.34
2024,5,22,COPA,65.9
2024,5,22,DURA,74.25
2024,5,22,ELRE,66.52
2024,5,22,ELKC,68.78
2024,5,22,ERIC,69.21
2024,5,22,EUFA,69.84
2024,5,22,EVAX,62.54
2024,5,22,FAI2,67.72
2024,5,22,FAIR,-999
2024,5,22,FITT,70.65
2024,5,22,FORA,65.05
2024,5,22,FREE,66.39
2024,5,22,FTCB,70.87
2024,5,22,GOOD,63.87
2024,5,22,GRAN,-999
2024,5,22,GRA2,74.7
2024,5,22,GUTH,67.82
2024,5,22,HASK,68.78
2024,5,22,HECT,68.06
2024,5,22,HINT,67.7
2024,5,22,HOBA,71.48
2024,5,22,HOLD,69.6
2024,5,22,HOLL,71.45
2024,5,22,HOOK,64.61
2024,5,22,HUGO,74.34
2024,5,22,IDAB,75.47
2024,5,22,INOL,67.58
2024,5,22,JAYX,65.23
2024,5,22,KENT,62.36
2024,5,22,KETC,71.24
2024,5,22,KING,-999
2024,5,22,KIN2,68.88
2024,5,22,LAHO,67.31
2024,5,22,CARL,66.39
2024,5,22,LANE,74.11
2024,5,22,MADI,73.23
2024,5,22,MANG,71.11
2024,5,22,MARE,67.01
2024,5,22,MARS,-999
2024,5,22,MRSH,67.78
2024,5,22,MAYR,66.02
2024,5,22,MCAL,71.85
2024,5,22,MEDF,67.25
2024,5,22,MEDI,70.76
2024,5,22,MIAM,64.31
2024,5,22,MINC,69.39
2024,5,22,MTHE,72.06
2024,5,22,NEWK,65.06
2024,5,22,NEWP,72.7
2024,5,22,NINN,-999
2024,5,22,NORM,-999
2024,5,22,NRMN,69.93
2024,5,22,NOWA,65.89
2024,5,22,OILT,67.28
2024,5,22,OKCE,68.69
2024,5,22,OKCN,-999
2024,5,22,OKCW,-999
2024,5,22,OKEM,68.64
2024,5,22,OKMU,68.98
2024,5,22,PAUL,70.81
2024,5,22,PAWN,67.63
2024,5,22,PERK,68.11
2024,5,22,PORT,68.52
2024,5,22,PRES,-999
2024,5,22,PRYO,66.85
2024,5,22,PUTN,66.75
2024,5,22,REDR,66.74
2024,5,22,RETR,-999
2024,5,22,RING,72.85
2024,5,22,SALL,71.29
2024,5,22,SEIL,67.02
2024,5,22,SEMI,69.15
2024,5,22,SHAW,68.23
2024,5,22,SKIA,66.23
2024,5,22,SLAP,65.38
2024,5,22,SPEN,67.87
2024,5,22,STIG,70.17
2024,5,22,STIL,68.49
2024,5,22,STUA,71.65
2024,5,22,SULP,71.95
2024,5,22,TAHL,67.82
2024,5,22,TALA,66.27
2024,5,22,TALI,73.33
2024,5,22,TIPT,73.55
2024,5,22,TISH,71.59
2024,5,22,TULL,-999
2024,5,22,TULN,67.83
2024,5,22,VALL,75.33
2024,5,22,VINI,64.98
2024,5,22,WALT,-999
2024,5,22,WAL2,72.55
2024,5,22,WASH,69.97
2024,5,22,WATO,67.27
2024,5,22,WAUR,73.23
2024,5,22,WEAT,68.89
2024,5,22,WEBB,-999
2024,5,22,WEBR,-999
2024,5,22,WEB3,70.47
2024,5,22,WEST,66.75
2024,5,22,WILB,72.48
2024,5,22,WIST,71.65
2024,5,22,WOOD,66.42
2024,5,22,WYNO,66.6
2024,5,22,YUKO,67.65
2024,5,23,ACME,72.96
2024,5,23,ADAX,74.6
2024,5,23,ALTU,73.54
2024,5,23,ALVA,-999
2024,5,23,ALV2,69.58
2024,5,23,ANTL,-999
2024,5,23,ANT2,74.26
2024,5,23,APAC,71.66
2024,5,23,ARDM,-999
2024,5,23,ARD2,76.5
2024,5,23,ARNE,69.36
2024,5,23,BEAV,73.06
2024,5,23,BEEX,-999
2024,5,23,BESS,69.75
2024,5,23,BIXB,75.3
2024,5,23,BLAC,71.38
2024,5,23,BOIS,71.26
2024,5,23,BOWL,-999
2024,5,23,BREC,70.88
2024,5,23,BRIS,74.22
2024,5,23,BBOW,-999
2024,5,23,BROK,74.03
2024,5,23,BUFF,70.08
2024,5,23,BURB,72.1
2024,5,23,BURN,77.5
2024,5,23,BUTL,69.48
2024,5,23,BYAR,74.49
2024,5,23,CALV,-999
2024,5,23,CAMA,68.1
2024,5,23,CATO,-999
2024,5,23,CENT,74.98
2024,5,23,CHAN,73.55
2024,5,23,CHER,70.72
2024,5,23,CHEY,69.78
2024,5,23,CHIC,74.27
2024,5,23,CLAR,-999
2024,5,23,CLRM,-999
2024,5,23,CLAY,74.36
2024,5,23,CLOU,73.21
2024,5,23,COOK,74.03
2024,5,23,COPA,73
2024,5,23,DURA,75.83
2024,5,23,ELRE,69.94
2024,5,23,ELKC,69.12
2024,5,23,ERIC,70.24
2024,5,23,EUFA,75.22
2024,5,23,EVAX,72.68
2024,5,23,FAI2,69.8
2024,5,23,FAIR,-999
2024,5,23,FITT,73.92
2024,5,23,FORA,71.72
2024,5,23,FREE,69.33
2024,5,23,FTCB,71.91
2024,5,23,GOOD,74.62
2024,5,23,GRAN,-999
2024,5,23,GRA2,77.08
2024,5,23,GUTH,72.15
2024,5,23,HASK,75.11
2024,5,23,HECT,74.42
2024,5,23,HINT,69.45
2024,5,23,HOBA,70.73
2024,5,23,HOLD,74.22
2024,5,23,HOLL,71.28
2024,5,23,HOOK,72.8
2024,5,23,HUGO,74.67
2024,5,23,IDAB,75.27
2024,5,23,INOL,74.83
2024,5,23,JAYX,73.92
2024,5,23,KENT,72.39
2024,5,23,KETC,73.52
2024,5,23,KING,-999
2024,5,23,KIN2,72.11
2024,5,23,LAHO,69.77
2024,5,23,CARL,71.31
2024,5,23,LANE,74.71
2024,5,23,MADI,75.99
2024,5,23,MANG,71.06
2024,5,23,MARE,71.72
2024,5,23,MARS,-999
2024,5,23,MRSH,72.03
2024,5,23,MAYR,68.9
2024,5,23,MCAL,74.6
2024,5,23,MEDF,71.02
2024,5,23,MEDI,71.35
2024,5,23,MIAM,73.91
2024,5,23,MINC,71.94
2024,5,23,MTHE,73.14
2024,5,23,NEWK,70.53
2024,5,23,NEWP,75.91
2024,5,23,NINN,-999
2024,5,23,NORM,-999
2024,5,23,NRMN,74.58
2024,5,23,NOWA,73.66
2024,5,23,OILT,74.03
2024,5,23,OKCE,73.2
2024,5,23,OKCN,-999
2024,5,23,OKCW,-999
2024,5,23,OKEM,74.11
2024,5,23,OKMU,75.08
2024,5,23,PAUL,74.74
2024,5,23,PAWN,72.9
2024,5,23,PERK,73.54
2024,5,23,PORT,74.68
2024,5,23,PRES,-999
2024,5,23,PRYO,74.7
2024,5,23,PUTN,68.15
2024,5,23,REDR,71.78
2024,5,23,RETR,-999
2024,5,23,RING,76.1
2024,5,23,SALL,75.24
2024,5,23,SEIL,68.52
2024,5,23,SEMI,73.42
2024,5,23,SHAW,73.27
2024,5,23,SKIA,72.99
2024,5,23,SLAP,70.47
2024,5,23,SPEN,72.4
2024,5,23,STIG,75.33
2024,5,23,STIL,73.52
2024,5,23,STUA,74.29
2024,5,23,SULP,74.35
2024,5,23,TAHL,74.81
2024,5,23,TALA,73.42
2024,5,23,TALI,74.94
2024,5,23,TIPT,75.03
2024,5,23,TISH,74.03
2024,5,23,TULL,-999
2024,5,23,TULN,74.57
2024,5,23,VALL,74.89
2024,5,23,VINI,73.86
2024,5,23,WALT,-999
2024,5,23,WAL2,75.2
2024,5,23,WASH,74.38
2024,5,23,WATO,69.34
2024,5,23,WAUR,76.73
2024,5,23,WEAT,69.7
2024,5,23,WEBB,-999
2024,5,23,WEBR,-999
2024,5,23,WEB3,75.64
2024,5,23,WEST,73.61
2024,5,23,WILB,74.85
2024,5,23,WIST,74.99
2024,5,23,WOOD,68.77
2024,5,23,WYNO,72.56
2024,5,23,YUKO,71.6
2024,5,24,ACME,74.8
2024,5,24,ADAX,76.04
2024,5,24,ALTU,75.46
2024,5,24,ALVA,-999
2024,5,24,ALV2,71.18
2024,5,24,ANTL,-999
2024,5,24,ANT2,74.84
2024,5,24,APAC,74.28
2024,5,24,ARDM,-999
2024,5,24,ARD2,76.95
2024,5,24,ARNE,68.75
2024,5,24,BEAV,66.76
2024,5,24,BEEX,-999
2024,5,24,BESS,73.49
2024,5,24,BIXB,77.47
2024,5,24,BLAC,72.75
2024,5,24,BOIS,61.29
2024,5,24,BOWL,-999
2024,5,24,BREC,72.34
2024,5,24,BRIS,75.87
2024,5,24,BBOW,-999
2024,5,24,BROK,75.35
2024,5,24,BUFF,69.46
2024,5,24,BURB,73.47
2024,5,24,BURN,76.94
2024,5,24,BUTL,71.86
2024,5,24,BYAR,77.02
2024,5,24,CALV,-999
2024,5,24,CAMA,69.57
2024,5,24,CATO,-999
2024,5,24,CENT,75.28
2024,5,24,CHAN,75.69
2024,5,24,CHER,72.61
2024,5,24,CHEY,70.9
2024,5,24,CHIC,76.16
2024,5,24,CLAR,-999
2024,5,24,CLRM,-999
2024,5,24,CLAY,76.79
2024,5,24,CLOU,-996
2024,5,24,COOK,74.48
2024,5,24,COPA,74.68
2024,5,24,DURA,75.58
2024,5,24,ELRE,71.35
2024,5,24,ELKC,72.36
2024,5,24,ERIC,72.4
2024,5,24,EUFA,76.41
2024,5,24,EVAX,61.2
2024,5,24,FAI2,71.96
2024,5,24,FAIR,-999
2024,5,24,FITT,74.92
2024,5,24,FORA,72.77
2024,5,24,FREE,69.85
2024,5,24,FTCB,74.16
2024,5,24,GOOD,62.81
2024,5,24,GRAN,-999
2024,5,24,GRA2,78.56
2024,5,24,GUTH,74.45
2024,5,24,HASK,76.75
2024,5,24,HECT,76.33
2024,5,24,HINT,72.67
2024,5,24,HOBA,74.08
2024,5,24,HOLD,75.62
2024,5,24,HOLL,73.85
2024,5,24,HOOK,64.42
2024,5,24,HUGO,75.76
2024,5,24,IDAB,75.93
2024,5,24,INOL,76.66
2024,5,24,JAYX,74.79
2024,5,24,KENT,60.8
2024,5,24,KETC,76.35
2024,5,24,KING,-999
2024,5,24,KIN2,73.32
2024,5,24,LAHO,71.68
2024,5,24,CARL,72.59
2024,5,24,LANE,74.18
2024,5,24,MADI,76.96
2024,5,24,MANG,74.04
2024,5,24,MARE,73.34
2024,5,24,MARS,-999
2024,5,24,MRSH,73.43
2024,5,24,MAYR,69.65
2024,5,24,MCAL,75.26
2024,5,24,MEDF,72.42
2024,5,24,MEDI,74.52
2024,5,24,MIAM,74.99
2024,5,24,MINC,73.95
2024,5,24,MTHE,74.18
2024,5,24,NEWK,72.39
2024,5,24,NEWP,77.4
2024,5,24,NINN,-999
2024,5,24,NORM,-999
2024,5,24,NRMN,76.08
2024,5,24,NOWA,75.15
2024,5,24,OILT,74.84
2024,5,24,OKCE,75.29
2024,5,24,OKCN,-999
2024,5,24,OKCW,-999
2024,5,24,OKEM,75.97
2024,5,24,OKMU,76.92
2024,5,24,PAUL,77.12
2024,5,24,PAWN,75.08
2024,5,24,PERK,75.02
2024,5,24,PORT,76.86
2024,5,24,PRES,-999
2024,5,24,PRYO,76.12
2024,5,24,PUTN,71.52
2024,5,24,REDR,73.08
2024,5,24,RETR,-999
2024,5,24,RING,78.69
2024,5,24,SALL,76.95
2024,5,24,SEIL,70.31
2024,5,24,SEMI,75.8
2024,5,24,SHAW,75.39
2024,5,24,SKIA,75.62
2024,5,24,SLAP,67.34
2024,5,24,SPEN,74.89
2024,5,24,STIG,77.48
2024,5,24,STIL,74.56
2024,5,24,STUA,74.2
2024,5,24,SULP,75.91
2024,5,24,TAHL,75.7
2024,5,24,TALA,75.65
2024,5,24,TALI,76.93
2024,5,24,TIPT,76.83
2024,5,24,TISH,74.53
2024,5,24,TULL,-999
2024,5,24,TULN,76.99
2024,5,24,VALL,75.68
2024,5,24,VINI,75.11
2024,5,24,WALT,-999
2024,5,24,WAL2,77.52
2024,5,24,WASH,75.97
2024,5,24,WATO,72.24
2024,5,24,WAUR,78.52
2024,5,24,WEAT,72.83
2024,5,24,WEBB,-999
2024,5,24,WEBR,-999
2024,5,24,WEB3,77.08
2024,5,24,WEST,73.88
2024,5,24,WILB,76.95
2024,5,24,WIST,77.9
2024,5,24,WOOD,69.38
2024,5,24,WYNO,74.64
2024,5,24,YUKO,73.88
2024,5,25,ACME,74.56
2024,5,25,ADAX,75.51
2024,5,25,ALTU,75.09
2024,5,25,ALVA,-999
2024,5,25,ALV2,70.45
2024,5,25,ANTL,-999
2024,5,25,ANT2,77.93
2024,5,25,APAC,73.41
2024,5,25,ARDM,-999
2024,5,25,ARD2,75.22
2024,5,25,ARNE,71.53
2024,5,25,BEAV,71.49
2024,5,25,BEEX,-999
2024,5,25,BESS,72.99
2024,5,25,BIXB,76.67
2024,5,25,BLAC,71.87
2024,5,25,BOIS,69.09
2024,5,25,BOWL,-999
2024,5,25,BREC,71.97
2024,5,25,BRIS,74.66
2024,5,25,BBOW,-999
2024,5,25,BROK,77.2
2024,5,25,BUFF,72.31
2024,5,25,BURB,71.95
2024,5,25,BURN,74.74
2024,5,25,BUTL,72.26
2024,5,25,BYAR,76.15
2024,5,25,CALV,-999
2024,5,25,CAMA,71.32
2024,5,25,CATO,-999
2024,5,25,CENT,76.29
2024,5,25,CHAN,74.66
2024,5,25,CHER,72.55
2024,5,25,CHEY,73.75
2024,5,25,CHIC,73.57
2024,5,25,CLAR,-999
2024,5,25,CLRM,-999
2024,5,25,CLAY,78.75
2024,5,25,CLOU,-996
2024,5,25,COOK,76.1
2024,5,25,COPA,72.07
2024,5,25,DURA,76.87
2024,5,25,ELRE,71.66
2024,5,25,ELKC,73.95
2024,5,25,ERIC,73.29
2024,5,25,EUFA,77.13
2024,5,25,EVAX,68.96
2024,5,25,FAI2,70.65
2024,5,25,FAIR,-999
2024,5,25,FITT,75.49
2024,5,25,FORA,70.97
2024,5,25,FREE,71.67
2024,5,25,FTCB,73.03
2024,5,25,GOOD,72.63
2024,5,25,GRAN,-999
2024,5,25,GRA2,75.48
2024,5,25,GUTH,74.04
2024,5,25,HASK,76.86
2024,5,25,HECT,75.98
2024,5,25,HINT,72.76
2024,5,25,HOBA,72.72
2024,5,25,HOLD,75.49
2024,5,25,HOLL,74.71
2024,5,25,HOOK,71.87
2024,5,25,HUGO,78.58
2024,5,25,IDAB,78.38
2024,5,25,INOL,76.01
2024,5,25,JAYX,74.12
2024,5,25,KENT,68.97
2024,5,25,KETC,74.79
2024,5,25,KING,-999
2024,5,25,KIN2,73.74
2024,5,25,LAHO,71.69
2024,5,25,CARL,72.24
2024,5,25,LANE,77.54
2024,5,25,MADI,75.93
2024,5,25,MANG,73.59
2024,5,25,MARE,73.2
2024,5,25,MARS,-999
2024,5,25,MRSH,73.68
2024,5,25,MAYR,70.19
2024,5,25,MCAL,76.58
2024,5,25,MEDF,72.06
2024,5,25,MEDI,73.61
2024,5,25,MIAM,72.57
2024,5,25,MINC,73.54
2024,5,25,MTHE,76.24
2024,5,25,NEWK,70.75
2024,5,25,NEWP,75.35
2024,5,25,NINN,-999
2024,5,25,NORM,-999
2024,5,25,NRMN,74.55
2024,5,25,NOWA,72.45
2024,5,25,OILT,73.11
2024,5,25,OKCE,74.32
2024,5,25,OKCN,-999
2024,5,25,OKCW,-999
2024,5,25,OKEM,75.89
2024,5,25,OKMU,76.66
2024,5,25,PAUL,76.28
2024,5,25,PAWN,73.27
2024,5,25,PERK,74.1
2024,5,25,PORT,76.71
2024,5,25,PRES,-999
2024,5,25,PRYO,74.63
2024,5,25,PUTN,72.1
2024,5,25,REDR,72.31
2024,5,25,RETR,-999
2024,5,25,RING,74.59
2024,5,25,SALL,77.31
2024,5,25,SEIL,72.23
2024,5,25,SEMI,75.64
2024,5,25,SHAW,74.55
2024,5,25,SKIA,73.73
2024,5,25,SLAP,72.93
2024,5,25,SPEN,73.69
2024,5,25,STIG,77.81
2024,5,25,STIL,74.47
2024,5,25,STUA,75.9
2024,5,25,SULP,76.06
2024,5,25,TAHL,76.37
2024,5,25,TALA,73.11
2024,5,25,TALI,79.36
2024,5,25,TIPT,75.43
2024,5,25,TISH,75.69
2024,5,25,TULL,-999
2024,5,25,TULN,75.35
2024,5,25,VALL,77.97
2024,5,25,VINI,72.55
2024,5,25,WALT,-999
2024,5,25,WAL2,74.99
2024,5,25,WASH,74.89
2024,5,25,WATO,73.15
2024,5,25,WAUR,75.33
2024,5,25,WEAT,72.27
2024,5,25,WEBB,-999
2024,5,25,WEBR,-999
2024,5,25,WEB3,78.24
2024,5,25,WEST,75.32
2024,5,25,WILB,78.01
2024,5,25,WIST,78.31
2024,5,25,WOOD,72.36
2024,5,25,WYNO,72.2
2024,5,25,YUKO,73.73
2024,5,26,ACME,78.64
2024,5,26,ADAX,81.19
2024,5,26,ALTU,79.19
2024,5,26,ALVA,-999
2024,5,26,ALV2,74.61
2024,5,26,ANTL,-999
2024,5,26,ANT2,81.93
2024,5,26,APAC,79.14
2024,5,26,ARDM,-999
2024,5,26,ARD2,82.42
2024,5,26,ARNE,72.8
2024,5,26,BEAV,71.9
2024,5,26,BEEX,-999
2024,5,26,BESS,76.74
2024,5,26,BIXB,81.91
2024,5,26,BLAC,76.92
2024,5,26,BOIS,67.24
2024,5,26,BOWL,-999
2024,5,26,BREC,77.18
2024,5,26,BRIS,79.93
2024,5,26,BBOW,-999
2024,5,26,BROK,83.18
2024,5,26,BUFF,73.99
2024,5,26,BURB,76.45
2024,5,26,BURN,81.96
2024,5,26,BUTL,75.69
2024,5,26,BYAR,81.72
2024,5,26,CALV,-999
2024,5,26,CAMA,73.73
2024,5,26,CATO,-999
2024,5,26,CENT,81.86
2024,5,26,CHAN,81.04
2024,5,26,CHER,75.89
2024,5,26,CHEY,75.06
2024,5,26,CHIC,81.17
2024,5,26,CLAR,-999
2024,5,26,CLRM,-999
2024,5,26,CLAY,81.31
2024,5,26,CLOU,-996
2024,5,26,COOK,80.62
2024,5,26,COPA,74.78
2024,5,26,DURA,82.95
2024,5,26,ELRE,76.26
2024,5,26,ELKC,76.56
2024,5,26,ERIC,75.72
2024,5,26,EUFA,81.58
2024,5,26,EVAX,67.18
2024,5,26,FAI2,76.01
2024,5,26,FAIR,-999
2024,5,26,FITT,80.76
2024,5,26,FORA,74.69
2024,5,26,FREE,74.03
2024,5,26,FTCB,79.26
2024,5,26,GOOD,69.52
2024,5,26,GRAN,-999
2024,5,26,GRA2,82.11
2024,5,26,GUTH,80.02
2024,5,26,HASK,81.94
2024,5,26,HECT,81.16
2024,5,26,HINT,78.13
2024,5,26,HOBA,77.91
2024,5,26,HOLD,81.39
2024,5,26,HOLL,77.64
2024,5,26,HOOK,70.63
2024,5,26,HUGO,-996
2024,5,26,IDAB,83.5
2024,5,26,INOL,80.63
2024,5,26,JAYX,74.26
2024,5,26,KENT,66.45
2024,5,26,KETC,80.2
2024,5,26,KING,-999
2024,5,26,KIN2,78.52
2024,5,26,LAHO,76.33
2024,5,26,CARL,78.08
2024,5,26,LANE,82.48
2024,5,26,MADI,81.77
2024,5,26,MANG,76.43
2024,5,26,MARE,78.58
2024,5,26,MARS,-999
2024,5,26,MRSH,78.08
2024,5,26,MAYR,74.27
2024,5,26,MCAL,81.79
2024,5,26,MEDF,77.26
2024,5,26,MEDI,78.41
2024,5,26,MIAM,75.04
2024,5,26,MINC,79.97
2024,5,26,MTHE,80.43
2024,5,26,NEWK,75.37
2024,5,26,NEWP,82.85
2024,5,26,NINN,-999
2024,5,26,NORM,-999
2024,5,26,NRMN,80.47
2024,5,26,NOWA,74.91
2024,5,26,OILT,79.42
2024,5,26,OKCE,79.85
2024,5,26,OKCN,-999
2024,5,26,OKCW,-999
2024,5,26,OKEM,80.5
2024,5,26,OKMU,81.25
2024,5,26,PAUL,81.02
2024,5,26,PAWN,79.6
2024,5,26,PERK,79.9
2024,5,26,PORT,82.4
2024,5,26,PRES,-999
2024,5,26,PRYO,77.55
2024,5,26,PUTN,77.14
2024,5,26,REDR,78.45
2024,5,26,RETR,-999
2024,5,26,RING,81.76
2024,5,26,SALL,83.32
2024,5,26,SEIL,75.2
2024,5,26,SEMI,80.53
2024,5,26,SHAW,79.9
2024,5,26,SKIA,77.66
2024,5,26,SLAP,71.91
2024,5,26,SPEN,79.37
2024,5,26,STIG,82.85
2024,5,26,STIL,79.12
2024,5,26,STUA,82.13
2024,5,26,SULP,80.23
2024,5,26,TAHL,79.73
2024,5,26,TALA,76.82
2024,5,26,TALI,82.23
2024,5,26,TIPT,79.58
2024,5,26,TISH,81.08
2024,5,26,TULL,-999
2024,5,26,TULN,81.65
2024,5,26,VALL,83.36
2024,5,26,VINI,74.86
2024,5,26,WALT,-999
2024,5,26,WAL2,81.87
2024,5,26,WASH,79.69
2024,5,26,WATO,77.62
2024,5,26,WAUR,81.94
2024,5,26,WEAT,78
2024,5,26,WEBB,-999
2024,5,26,WEBR,-999
2024,5,26,WEB3,82.61
2024,5,26,WEST,78.69
2024,5,26,WILB,82.11
2024,5,26,WIST,83.36
2024,5,26,WOOD,74.65
2024,5,26,WYNO,77.5
2024,5,26,YUKO,79.55
2024,5,27,ACME,76.12
2024,5,27,ADAX,77.26
2024,5,27,ALTU,80.13
2024,5,27,ALVA,-999
2024,5,27,ALV2,72.77
2024,5,27,ANTL,-999
2024,5,27,ANT2,77.22
2024,5,27,APAC,77.84
2024,5,27,ARDM,-999
2024,5,27,ARD2,78.43
2024,5,27,ARNE,74.27
2024,5,27,BEAV,71.13
2024,5,27,BEEX,-999
2024,5,27,BESS,76.29
2024,5,27,BIXB,76.33
2024,5,27,BLAC,73.23
2024,5,27,BOIS,70.65
2024,5,27,BOWL,-999
2024,5,27,BREC,74.04
2024,5,27,BRIS,73.98
2024,5,27,BBOW,-999
2024,5,27,BROK,78.09
2024,5,27,BUFF,73.61
2024,5,27,BURB,73.95
2024,5,27,BURN,77.44
2024,5,27,BUTL,74.29
2024,5,27,BYAR,78.11
2024,5,27,CALV,-999
2024,5,27,CAMA,73.1
2024,5,27,CATO,-999
2024,5,27,CENT,77.73
2024,5,27,CHAN,76.74
2024,5,27,CHER,74.37
2024,5,27,CHEY,77.86
2024,5,27,CHIC,77.04
2024,5,27,CLAR,-999
2024,5,27,CLRM,-999
2024,5,27,CLAY,75.9
2024,5,27,CLOU,76.82
2024,5,27,COOK,73.67
2024,5,27,COPA,72.8
2024,5,27,DURA,79.39
2024,5,27,ELRE,74.26
2024,5,27,ELKC,77.83
2024,5,27,ERIC,76.23
2024,5,27,EUFA,76.57
2024,5,27,EVAX,68.74
2024,5,27,FAI2,73.6
2024,5,27,FAIR,-999
2024,5,27,FITT,77.53
2024,5,27,FORA,72.56
2024,5,27,FREE,72.71
2024,5,27,FTCB,76.78
2024,5,27,GOOD,71.56
2024,5,27,GRAN,-999
2024,5,27,GRA2,80.02
2024,5,27,GUTH,76.01
2024,5,27,HASK,76.43
2024,5,27,HECT,76.55
2024,5,27,HINT,76.34
2024,5,27,HOBA,77.1
2024,5,27,HOLD,78.04
2024,5,27,HOLL,78.17
2024,5,27,HOOK,72.19
2024,5,27,HUGO,-996
2024,5,27,IDAB,80.47
2024,5,27,INOL,75.38
2024,5,27,JAYX,71.44
2024,5,27,KENT,69.38
2024,5,27,KETC,77.58
2024,5,27,KING,-999
2024,5,27,KIN2,76.62
2024,5,27,LAHO,74.04
2024,5,27,CARL,73.1
2024,5,27,LANE,78.18
2024,5,27,MADI,78.29
2024,5,27,MANG,76.87
2024,5,27,MARE,74.9
2024,5,27,MARS,-999
2024,5,27,MRSH,74.62
2024,5,27,MAYR,73.06
2024,5,27,MCAL,76.3
2024,5,27,MEDF,73.87
2024,5,27,MEDI,79.24
2024,5,27,MIAM,72.98
2024,5,27,MINC,78.09
2024,5,27,MTHE,75.88
2024,5,27,NEWK,72.29
2024,5,27,NEWP,78.9
2024,5,27,NINN,-999
2024,5,27,NORM,-999
2024,5,27,NRMN,77.21
2024,5,27,NOWA,71.49
2024,5,27,OILT,73.51
2024,5,27,OKCE,77.92
2024,5,27,OKCN,-999
2024,5,27,OKCW,-999
2024,5,27,OKEM,76.07
2024,5,27,OKMU,75.27
2024,5,27,PAUL,76.69
2024,5,27,PAWN,74.77
2024,5,27,PERK,76.12
2024,5,27,PORT,77.46
2024,5,27,PRES,-999
2024,5,27,PRYO,74.38
2024,5,27,PUTN,75.84
2024,5,27,REDR,73.54
2024,5,27,RETR,-999
2024,5,27,RING,79.04
2024,5,27,SALL,76.39
2024,5,27,SEIL,73.48
2024,5,27,SEMI,76.17
2024,5,27,SHAW,76.73
2024,5,27,SKIA,75.83
2024,5,27,SLAP,74.76
2024,5,27,SPEN,76.42
2024,5,27,STIG,76.83
2024,5,27,STIL,75.83
2024,5,27,STUA,78.13
2024,5,27,SULP,76.74
2024,5,27,TAHL,73.6
2024,5,27,TALA,74.89
2024,5,27,TALI,75.59
2024,5,27,TIPT,78.47
2024,5,27,TISH,78.1
2024,5,27,TULL,-999
2024,5,27,TULN,76.73
2024,5,27,VALL,78.88
2024,5,27,VINI,72.79
2024,5,27,WALT,-999
2024,5,27,WAL2,79.55
2024,5,27,WASH,76.51
2024,5,27,WATO,77.29
2024,5,27,WAUR,78.17
2024,5,27,WEAT,78.95
2024,5,27,WEBB,-999
2024,5,27,WEBR,-999
2024,5,27,WEB3,76.18
2024,5,27,WEST,73.33
2024,5,27,WILB,75.94
2024,5,27,WIST,75.12
2024,5,27,WOOD,73.79
2024,5,27,WYNO,74.38
2024,5,27,YUKO,76.84
2024,5,28,ACME,72.81
2024,5,28,ADAX,72.26
2024,5,28,ALTU,73.02
2024,5,28,ALVA,-999
2024,5,28,ALV2,70.15
2024,5,28,ANTL,-999
2024,5,28,ANT2,70.34
2024,5,28,APAC,71.87
2024,5,28,ARDM,-999
2024,5,28,ARD2,72.11
2024,5,28,ARNE,70.28
2024,5,28,BEAV,67.24
2024,5,28,BEEX,-999
2024,5,28,BESS,72.15
2024,5,28,BIXB,71.47
2024,5,28,BLAC,70.16
2024,5,28,BOIS,66.07
2024,5,28,BOWL,-999
2024,5,28,BREC,69.75
2024,5,28,BRIS,69.93
2024,5,28,BBOW,-999
2024,5,28,BROK,69.58
2024,5,28,BUFF,69.31
2024,5,28,BURB,69.65
2024,5,28,BURN,71.66
2024,5,28,BUTL,71.76
2024,5,28,BYAR,72.82
2024,5,28,CALV,-999
2024,5,28,CAMA,68.83
2024,5,28,CATO,-999
2024,5,28,CENT,72.02
2024,5,28,CHAN,71.64
2024,5,28,CHER,72.13
2024,5,28,CHEY,70.98
2024,5,28,CHIC,74.9
2024,5,28,CLAR,-999
2024,5,28,CLRM,-999
2024,5,28,CLAY,70.43
2024,5,28,CLOU,69.32
2024,5,28,COOK,67.86
2024,5,28,COPA,68.34
2024,5,28,DURA,71.29
2024,5,28,ELRE,70.28
2024,5,28,ELKC,71.43
2024,5,28,ERIC,73.59
2024,5,28,EUFA,72.47
2024,5,28,EVAX,64.04
2024,5,28,FAI2,70.08
2024,5,28,FAIR,-999
2024,5,28,FITT,71.15
2024,5,28,FORA,67.36
2024,5,28,FREE,69.82
2024,5,28,FTCB,73.32
2024,5,28,GOOD,67.83
2024,5,28,GRAN,-999
2024,5,28,GRA2,72.2
2024,5,28,GUTH,70.99
2024,5,28,HASK,71.26
2024,5,28,HECT,71.01
2024,5,28,HINT,72.27
2024,5,28,HOBA,73.42
2024,5,28,HOLD,72.03
2024,5,28,HOLL,74.4
2024,5,28,HOOK,67.42
2024,5,28,HUGO,-996
2024,5,28,IDAB,71.16
2024,5,28,INOL,69.61
2024,5,28,JAYX,67.24
2024,5,28,KENT,66.79
2024,5,28,KETC,71.78
2024,5,28,KING,-999
2024,5,28,KIN2,71.81
2024,5,28,LAHO,70.44
2024,5,28,CARL,69.61
2024,5,28,LANE,71.61
2024,5,28,MADI,71.73
2024,5,28,MANG,73.48
2024,5,28,MARE,69.95
2024,5,28,MARS,-999
2024,5,28,MRSH,70.75
2024,5,28,MAYR,69.62
2024,5,28,MCAL,71.21
2024,5,28,MEDF,71.09
2024,5,28,MEDI,71.06
2024,5,28,MIAM,68.94
2024,5,28,MINC,73.42
2024,5,28,MTHE,69.82
2024,5,28,NEWK,67.97
2024,5,28,NEWP,72.35
2024,5,28,NINN,-999
2024,5,28,NORM,-999
2024,5,28,NRMN,73.15
2024,5,28,NOWA,67.13
2024,5,28,OILT,69.76
2024,5,28,OKCE,73.11
2024,5,28,OKCN,-999
2024,5,28,OKCW,-999
2024,5,28,OKEM,72.1
2024,5,28,OKMU,70.4
2024,5,28,PAUL,73.19
2024,5,28,PAWN,71.27
2024,5,28,PERK,71.16
2024,5,28,PORT,71.22
2024,5,28,PRES,-999
2024,5,28,PRYO,68.83
2024,5,28,PUTN,68.95
2024,5,28,REDR,69.45
2024,5,28,RETR,-999
2024,5,28,RING,72.99
2024,5,28,SALL,70.48
2024,5,28,SEIL,69
2024,5,28,SEMI,71.64
2024,5,28,SHAW,72.52
2024,5,28,SKIA,69.77
2024,5,28,SLAP,68.89
2024,5,28,SPEN,71.5
2024,5,28,STIG,71.68
2024,5,28,STIL,72.05
2024,5,28,STUA,71.96
2024,5,28,SULP,71.9
2024,5,28,TAHL,68.51
2024,5,28,TALA,69.49
2024,5,28,TALI,69.84
2024,5,28,TIPT,72.56
2024,5,28,TISH,71.71
2024,5,28,TULL,-999
2024,5,28,TULN,71.15
2024,5,28,VALL,70.53
2024,5,28,VINI,67.66
2024,5,28,WALT,-999
2024,5,28,WAL2,72.62
2024,5,28,WASH,73.33
2024,5,28,WATO,69.89
2024,5,28,WAUR,72.59
2024,5,28,WEAT,72.7
2024,5,28,WEBB,-999
2024,5,28,WEBR,-999
2024,5,28,WEB3,71.05
2024,5,28,WEST,67.72
2024,5,28,WILB,70.13
2024,5,28,WIST,69.34
2024,5,28,WOOD,67.74
2024,5,28,WYNO,68.7
2024,5,28,YUKO,72.55
2024,5,29,ACME,72.81
2024,5,29,ADAX,73.32
2024,5,29,ALTU,74.73
2024,5,29,ALVA,-999
2024,5,29,ALV2,73.11
2024,5,29,ANTL,-999
2024,5,29,ANT2,72.21
2024,5,29,APAC,72.13
2024,5,29,ARDM,-999
2024,5,29,ARD2,73.88
2024,5,29,ARNE,70.55
2024,5,29,BEAV,70.67
2024,5,29,BEEX,-999
2024,5,29,BESS,72.7
2024,5,29,BIXB,71.49
2024,5,29,BLAC,72.11
2024,5,29,BOIS,67.55
2024,5,29,BOWL,-999
2024,5,29,BREC,71.3
2024,5,29,BRIS,70.44
2024,5,29,BBOW,-999
2024,5,29,BROK,72.12
2024,5,29,BUFF,72.62
2024,5,29,BURB,71.95
2024,5,29,BURN,74.43
2024,5,29,BUTL,72.89
2024,5,29,BYAR,72.95
2024,5,29,CALV,-999
2024,5,29,CAMA,71.26
2024,5,29,CATO,-999
2024,5,29,CENT,72.73
2024,5,29,CHAN,71.44
2024,5,29,CHER,72.96
2024,5,29,CHEY,71.61
2024,5,29,CHIC,74.77
2024,5,29,CLAR,-999
2024,5,29,CLRM,-999
2024,5,29,CLAY,71.12
2024,5,29,CLOU,71.54
2024,5,29,COOK,70.09
2024,5,29,COPA,71.25
2024,5,29,DURA,73.64
2024,5,29,ELRE,70.91
2024,5,29,ELKC,71.93
2024,5,29,ERIC,72.79
2024,5,29,EUFA,72.31
2024,5,29,EVAX,67.23
2024,5,29,FAI2,73.14
2024,5,29,FAIR,-999
2024,5,29,FITT,72.35
2024,5,29,FORA,71.17
2024,5,29,FREE,72.31
2024,5,29,FTCB,72.83
2024,5,29,GOOD,68.02
2024,5,29,GRAN,-999
2024,5,29,GRA2,74.39
2024,5,29,GUTH,71.23
2024,5,29,HASK,71.2
2024,5,29,HECT,71.21
2024,5,29,HINT,72.68
2024,5,29,HOBA,72.39
2024,5,29,HOLD,71.97
2024,5,29,HOLL,73.56
2024,5,29,HOOK,68.26
2024,5,29,HUGO,-996
2024,5,29,IDAB,73.62
2024,5,29,INOL,71.46
2024,5,29,JAYX,68.98
2024,5,29,KENT,67.99
2024,5,29,KETC,73.71
2024,5,29,KING,-999
2024,5,29,KIN2,73.09
2024,5,29,LAHO,71.35
2024,5,29,CARL,70.58
2024,5,29,LANE,72.56
2024,5,29,MADI,73.9
2024,5,29,MANG,73.41
2024,5,29,MARE,69.85
2024,5,29,MARS,-999
2024,5,29,MRSH,71.24
2024,5,29,MAYR,72.1
2024,5,29,MCAL,70.93
2024,5,29,MEDF,72.7
2024,5,29,MEDI,72.28
2024,5,29,MIAM,71.33
2024,5,29,MINC,72.79
2024,5,29,MTHE,70.7
2024,5,29,NEWK,70.81
2024,5,29,NEWP,74.07
2024,5,29,NINN,-999
2024,5,29,NORM,-999
2024,5,29,NRMN,71.95
2024,5,29,NOWA,69.89
2024,5,29,OILT,70.08
2024,5,29,OKCE,72.4
2024,5,29,OKCN,-999
2024,5,29,OKCW,-999
2024,5,29,OKEM,72.02
2024,5,29,OKMU,71.08
2024,5,29,PAUL,74.13
2024,5,29,PAWN,71.86
2024,5,29,PERK,70.69
2024,5,29,PORT,71.09
2024,5,29,PRES,-999
2024,5,29,PRYO,71.69
2024,5,29,PUTN,71.43
2024,5,29,REDR,71.66
2024,5,29,RETR,-999
2024,5,29,RING,74.45
2024,5,29,SALL,71.67
2024,5,29,SEIL,72.15
2024,5,29,SEMI,71.2
2024,5,29,SHAW,71.82
2024,5,29,SKIA,72.55
2024,5,29,SLAP,71.08
2024,5,29,SPEN,70.95
2024,5,29,STIG,71.8
2024,5,29,STIL,71.95
2024,5,29,STUA,72.17
2024,5,29,SULP,73.25
2024,5,29,TAHL,70.89
2024,5,29,TALA,72.69
2024,5,29,TALI,71.26
2024,5,29,TIPT,73.68
2024,5,29,TISH,73.05
2024,5,29,TULL,-999
2024,5,29,TULN,72.24
2024,5,29,VALL,73.28
2024,5,29,VINI,71.15
2024,5,29,WALT,-999
2024,5,29,WAL2,74.14
2024,5,29,WASH,73.4
2024,5,29,WATO,72.2
2024,5,29,WAUR,74.75
2024,5,29,WEAT,73.46
2024,5,29,WEBB,-999
2024,5,29,WEBR,-999
2024,5,29,WEB3,71.41
2024,5,29,WEST,70.24
2024,5,29,WILB,69.99
2024,5,29,WIST,70.47
2024,5,29,WOOD,71.57
2024,5,29,WYNO,71.79
2024,5,29,YUKO,71.53
2024,5,30,ACME,70.9
2024,5,30,ADAX,68.07
2024,5,30,ALTU,71.89
2024,5,30,ALVA,-999
2024,5,30,ALV2,71.15
2024,5,30,ANTL,-999
2024,5,30,ANT2,67.6
2024,5,30,APAC,69.95
2024,5,30,ARDM,-999
2024,5,30,ARD2,68.64
2024,5,30,ARNE,70.7
2024,5,30,BEAV,71.86
2024,5,30,BEEX,-999
2024,5,30,BESS,71.18
2024,5,30,BIXB,69.74
2024,5,30,BLAC,68.76
2024,5,30,BOIS,65.73
2024,5,30,BOWL,-999
2024,5,30,BREC,70.16
2024,5,30,BRIS,69.1
2024,5,30,BBOW,-999
2024,5,30,BROK,68.59
2024,5,30,BUFF,71.5
2024,5,30,BURB,69.2
2024,5,30,BURN,68.58
2024,5,30,BUTL,71.73
2024,5,30,BYAR,69.09
2024,5,30,CALV,-999
2024,5,30,CAMA,70.88
2024,5,30,CATO,-999
2024,5,30,CENT,68.12
2024,5,30,CHAN,69.2
2024,5,30,CHER,71.85
2024,5,30,CHEY,70.57
2024,5,30,CHIC,71.04
2024,5,30,CLAR,-999
2024,5,30,CLRM,-999
2024,5,30,CLAY,68.68
2024,5,30,CLOU,67.27
2024,5,30,COOK,69.71
2024,5,30,COPA,68.6
2024,5,30,DURA,68.06
2024,5,30,ELRE,69.24
2024,5,30,ELKC,70.61
2024,5,30,ERIC,71.27
2024,5,30,EUFA,69.38
2024,5,30,EVAX,67.23
2024,5,30,FAI2,71.78
2024,5,30,FAIR,-999
2024,5,30,FITT,67.35
2024,5,30,FORA,67.92
2024,5,30,FREE,70.45
2024,5,30,FTCB,70.34
2024,5,30,GOOD,68.57
2024,5,30,GRAN,-999
2024,5,30,GRA2,70.65
2024,5,30,GUTH,69.75
2024,5,30,HASK,69.31
2024,5,30,HECT,68.72
2024,5,30,HINT,69.78
2024,5,30,HOBA,71.02
2024,5,30,HOLD,68.42
2024,5,30,HOLL,71.39
2024,5,30,HOOK,69.56
2024,5,30,HUGO,67.89
2024,5,30,IDAB,69.23
2024,5,30,INOL,70.62
2024,5,30,JAYX,70.65
2024,5,30,KENT,66.12
2024,5,30,KETC,70.37
2024,5,30,KING,-999
2024,5,30,KIN2,71.95
2024,5,30,LAHO,70.56
2024,5,30,CARL,69.65
2024,5,30,LANE,67.78
2024,5,30,MADI,68.55
2024,5,30,MANG,71.57
2024,5,30,MARE,68.3
2024,5,30,MARS,-999
2024,5,30,MRSH,70.14
2024,5,30,MAYR,69.59
2024,5,30,MCAL,67.92
2024,5,30,MEDF,68.96
2024,5,30,MEDI,69.52
2024,5,30,MIAM,70.64
2024,5,30,MINC,70.18
2024,5,30,MTHE,67.71
2024,5,30,NEWK,67.8
2024,5,30,NEWP,68.83
2024,5,30,NINN,-999
2024,5,30,NORM,-999
2024,5,30,NRMN,70.57
2024,5,30,NOWA,68.66
2024,5,30,OILT,69.22
2024,5,30,OKCE,71.31
2024,5,30,OKCN,-999
2024,5,30,OKCW,-999
2024,5,30,OKEM,68.8
2024,5,30,OKMU,68.71
2024,5,30,PAUL,70.28
2024,5,30,PAWN,69.18
2024,5,30,PERK,69.5
2024,5,30,PORT,69.21
2024,5,30,PRES,-999
2024,5,30,PRYO,70.56
2024,5,30,PUTN,70.51
2024,5,30,REDR,69.48
2024,5,30,RETR,-999
2024,5,30,RING,69.63
2024,5,30,SALL,70.09
2024,5,30,SEIL,72
2024,5,30,SEMI,68.57
2024,5,30,SHAW,70.04
2024,5,30,SKIA,68.77
2024,5,30,SLAP,71.69
2024,5,30,SPEN,70.02
2024,5,30,STIG,69.14
2024,5,30,STIL,69.81
2024,5,30,STUA,68.33
2024,5,30,SULP,69.19
2024,5,30,TAHL,69.49
2024,5,30,TALA,69.62
2024,5,30,TALI,69.24
2024,5,30,TIPT,70.6
2024,5,30,TISH,68.04
2024,5,30,TULL,-999
2024,5,30,TULN,70.32
2024,5,30,VALL,68.3
2024,5,30,VINI,69.19
2024,5,30,WALT,-999
2024,5,30,WAL2,70.31
2024,5,30,WASH,69.78
2024,5,30,WATO,71.78
2024,5,30,WAUR,69.81
2024,5,30,WEAT,71.17
2024,5,30,WEBB,-999
2024,5,30,WEBR,-999
2024,5,30,WEB3,70.05
2024,5,30,WEST,69
2024,5,30,WILB,68.25
2024,5,30,WIST,68.7
2024,5,30,WOOD,71.97
2024,5,30,WYNO,68.95
2024,5,30,YUKO,70.61
2024,5,31,ACME,69.84
2024,5,31,ADAX,68.36
2024,5,31,ALTU,74.77
2024,5,31,ALVA,-999
2024,5,31,ALV2,69.64
2024,5,31,ANTL,-999
2024,5,31,ANT2,69.94
2024,5,31,APAC,70.02
2024,5,31,ARDM,-999
2024,5,31,ARD2,72.25
2024,5,31,ARNE,70.07
2024,5,31,BEAV,70.6
2024,5,31,BEEX,-999
2024,5,31,BESS,72.24
2024,5,31,BIXB,70.52
2024,5,31,BLAC,69.6
2024,5,31,BOIS,64.52
2024,5,31,BOWL,-999
2024,5,31,BREC,68.71
2024,5,31,BRIS,69.61
2024,5,31,BBOW,-999
2024,5,31,BROK,69.23
2024,5,31,BUFF,71.44
2024,5,31,BURB,69.33
2024,5,31,BURN,72.68
2024,5,31,BUTL,72.64
2024,5,31,BYAR,68.35
2024,5,31,CALV,-999
2024,5,31,CAMA,69.96
2024,5,31,CATO,-999
2024,5,31,CENT,69.46
2024,5,31,CHAN,69.7
2024,5,31,CHER,70.83
2024,5,31,CHEY,71.02
2024,5,31,CHIC,70.47
2024,5,31,CLAR,-999
2024,5,31,CLRM,-999
2024,5,31,CLAY,69.14
2024,5,31,CLOU,69.51
2024,5,31,COOK,69.49
2024,5,31,COPA,66.76
2024,5,31,DURA,71.32
2024,5,31,ELRE,67.97
2024,5,31,ELKC,71.83
2024,5,31,ERIC,72.97
2024,5,31,EUFA,68.97
2024,5,31,EVAX,66.66
2024,5,31,FAI2,70.2
2024,5,31,FAIR,-999
2024,5,31,FITT,68.89
2024,5,31,FORA,67.81
2024,5,31,FREE,69.6
2024,5,31,FTCB,71.08
2024,5,31,GOOD,68
2024,5,31,GRAN,-999
2024,5,31,GRA2,74.48
2024,5,31,GUTH,69.08
2024,5,31,HASK,70.21
2024,5,31,HECT,69.7
2024,5,31,HINT,70.46
2024,5,31,HOBA,72.25
2024,5,31,HOLD,68.04
2024,5,31,HOLL,73.71
2024,5,31,HOOK,70.04
2024,5,31,HUGO,71.2
2024,5,31,IDAB,71.11
2024,5,31,INOL,69.78
2024,5,31,JAYX,67.02
2024,5,31,KENT,64.18
2024,5,31,KETC,71.27
2024,5,31,KING,-999
2024,5,31,KIN2,69.73
2024,5,31,LAHO,69.15
2024,5,31,CARL,68.54
2024,5,31,LANE,70.02
2024,5,31,MADI,71.74
2024,5,31,MANG,73.57
2024,5,31,MARE,68.74
2024,5,31,MARS,-999
2024,5,31,MRSH,69.16
2024,5,31,MAYR,69.21
2024,5,31,MCAL,67.72
2024,5,31,MEDF,69.93
2024,5,31,MEDI,70.94
2024,5,31,MIAM,65.98
2024,5,31,MINC,69.6
2024,5,31,MTHE,68.51
2024,5,31,NEWK,68.23
2024,5,31,NEWP,72.16
2024,5,31,NINN,-999
2024,5,31,NORM,-999
2024,5,31,NRMN,69.38
2024,5,31,NOWA,66.71
2024,5,31,OILT,69.04
2024,5,31,OKCE,69.25
2024,5,31,OKCN,-999
2024,5,31,OKCW,-999
2024,5,31,OKEM,68.99
2024,5,31,OKMU,69.52
2024,5,31,PAUL,69.75
2024,5,31,PAWN,69.39
2024,5,31,PERK,69.74
2024,5,31,PORT,70.3
2024,5,31,PRES,-999
2024,5,31,PRYO,68.92
2024,5,31,PUTN,69.24
2024,5,31,REDR,69.17
2024,5,31,RETR,-999
2024,5,31,RING,73.26
2024,5,31,SALL,70.71
2024,5,31,SEIL,69.4
2024,5,31,SEMI,68
2024,5,31,SHAW,68.79
2024,5,31,SKIA,67.99
2024,5,31,SLAP,69.93
2024,5,31,SPEN,68.84
2024,5,31,STIG,69.44
2024,5,31,STIL,70.05
2024,5,31,STUA,68.3
2024,5,31,SULP,69.92
2024,5,31,TAHL,69.29
2024,5,31,TALA,68.01
2024,5,31,TALI,69.69
2024,5,31,TIPT,74.1
2024,5,31,TISH,71.1
2024,5,31,TULL,-999
2024,5,31,TULN,69.62
2024,5,31,VALL,71.3
2024,5,31,VINI,66.74
2024,5,31,WALT,-999
2024,5,31,WAL2,73.38
2024,5,31,WASH,69.11
2024,5,31,WATO,69.36
2024,5,31,WAUR,73.71
2024,5,31,WEAT,71.2
2024,5,31,WEBB,-999
2024,5,31,WEBR,-999
2024,5,31,WEB3,70.19
2024,5,31,WEST,67.61
2024,5,31,WILB,68.81
2024,5,31,WIST,69.62
2024,5,31,WOOD,68.7
2024,5,31,WYNO,68.4
2024,5,31,YUKO,68.98